1571837505.957355,42.6,60,17.4
1571837506.157935,42.6,60,17.4
1571837506.230463,42.6,60,17.4
1571837506.3014343,42.6,60,17.4
1571837506.3717916,42.6,60,17.4
1571837506.4456298,42.6,60,17.4
1571837506.5183175,42.6,60,17.4
1571837506.5845196,42.6,60,17.4
1571837506.6522756,42.6,60,17.4
1571837506.720917,42.6,60,17.4
1571837506.7905579,42.6,60,17.4
1571837506.8754683,42.6,60,17.4
1571837506.9692957,42.7,60,17.299999999999997
1571837507.063233,42.7,60,17.299999999999997
1571837507.1570404,42.7,60,17.299999999999997
1571837507.2508,42.7,60,17.299999999999997
1571837507.3446517,42.7,60,17.299999999999997
1571837507.43855,42.7,60,17.299999999999997
1571837507.5323067,42.7,60,17.299999999999997
1571837507.62621,42.7,60,17.299999999999997
1571837507.720093,42.7,60,17.299999999999997
1571837507.8138363,42.7,60,17.299999999999997
1571837507.9076536,42.7,60,17.299999999999997
1571837508.001525,42.7,60,17.299999999999997
1571837508.0953088,42.8,60,17.200000000000003
1571837508.1892104,42.8,60,17.200000000000003
1571837508.283084,42.8,60,17.200000000000003
1571837508.3768258,42.8,60,17.200000000000003
1571837508.4706776,42.8,60,17.200000000000003
1571837508.5645437,42.8,60,17.200000000000003
1571837508.6583712,42.8,60,17.200000000000003
1571837508.7522662,42.8,60,17.200000000000003
1571837508.8460183,42.8,60,17.200000000000003
1571837508.9398615,42.9,60,17.1
1571837509.0337439,42.9,60,17.1
1571837509.1275191,42.9,60,17.1
1571837509.221354,42.9,60,17.1
1571837509.315213,42.9,60,17.1
1571837509.4090033,42.9,60,17.1
1571837509.5028818,42.9,60,17.1
1571837509.596787,42.9,60,17.1
1571837509.6906579,42.9,60,17.1
1571837509.7844791,42.9,60,17.1
1571837509.8784063,42.9,60,17.1
1571837509.972167,42.9,60,17.1
1571837510.0660026,42.9,60,17.1
1571837510.1598108,42.9,60,17.1
1571837510.2535682,42.9,60,17.1
1571837510.3474407,42.9,60,17.1
1571837510.441316,43.0,60,17.0
1571837510.535096,42.9,60,17.1
1571837510.6290982,43.0,60,17.0
1571837510.7229266,43.0,60,17.0
1571837510.816755,43.0,60,17.0
1571837510.910659,43.0,60,17.0
1571837511.0044475,43.0,60,17.0
1571837511.098161,43.0,60,17.0
1571837511.1919973,43.0,60,17.0
1571837511.2858765,43.0,60,17.0
1571837511.3796322,43.0,60,17.0
1571837511.47348,43.0,60,17.0
1571837511.5672903,43.1,60,16.9
1571837511.6610708,43.1,60,16.9
1571837511.7550566,43.1,60,16.9
1571837511.8488646,43.1,60,16.9
1571837511.9425907,43.2,60,16.799999999999997
1571837512.0364335,43.2,60,16.799999999999997
1571837512.1302114,43.2,60,16.799999999999997
1571837512.2240493,43.3,60,16.700000000000003
1571837512.317893,43.3,60,16.700000000000003
1571837512.4118931,43.4,60,16.6
1571837512.5057805,43.4,60,16.6
1571837512.5992916,43.4,60,16.6
1571837512.6933665,43.5,60,16.5
1571837512.7873714,43.5,60,16.5
1571837512.8807328,43.6,60,16.4
1571837512.9747982,43.6,60,16.4
1571837513.0683799,43.7,60,16.299999999999997
1571837513.16226,43.7,60,16.299999999999997
1571837513.2560902,43.7,60,16.299999999999997
1571837513.3503954,43.8,60,16.200000000000003
1571837513.4438486,43.8,60,16.200000000000003
1571837513.5376346,43.9,60,16.1
1571837513.6315038,43.9,60,16.1
1571837513.7253761,43.9,60,16.1
1571837513.8195474,43.9,60,16.1
1571837513.9130087,43.9,60,16.1
1571837514.006869,43.9,60,16.1
1571837514.1005814,43.9,60,16.1
1571837514.1944857,43.9,60,16.1
1571837514.2882438,43.9,60,16.1
1571837514.382087,43.9,60,16.1
1571837514.475983,43.9,60,16.1
1571837514.5699737,44.0,60,16.0
1571837514.663697,44.0,60,16.0
1571837514.7575328,44.0,60,16.0
1571837514.8516655,44.0,60,16.0
1571837514.945068,44.0,60,16.0
1571837515.0392597,44.0,60,16.0
1571837515.1327999,44.0,60,16.0
1571837515.226633,44.0,60,16.0
1571837515.320572,44.0,60,16.0
1571837515.414446,44.1,60,15.899999999999999
1571837515.5085068,44.1,60,15.899999999999999
1571837515.6020126,44.2,60,15.799999999999997
1571837515.6957467,44.2,60,15.799999999999997
1571837515.789633,44.3,60,15.700000000000003
1571837515.8834746,44.3,60,15.700000000000003
1571837515.9771905,44.4,60,15.600000000000001
1571837516.0709667,44.4,60,15.600000000000001
1571837516.1647892,44.5,60,15.5
1571837516.258852,44.6,60,15.399999999999999
1571837516.3522358,44.6,60,15.399999999999999
1571837516.4462214,44.7,60,15.299999999999997
1571837516.5399046,44.7,60,15.299999999999997
1571837516.63377,44.8,60,15.200000000000003
1571837516.727598,44.8,60,15.200000000000003
1571837516.8213394,44.9,60,15.100000000000001
1571837516.9158866,44.9,60,15.100000000000001
1571837517.0089605,44.9,60,15.100000000000001
1571837517.103297,44.9,60,15.100000000000001
1571837517.196428,44.9,60,15.100000000000001
1571837517.2902203,44.9,60,15.100000000000001
1571837517.3838673,44.9,60,15.100000000000001
1571837517.4776719,45.0,60,15.0
1571837517.5718875,44.9,60,15.100000000000001
1571837517.6652153,45.0,60,15.0
1571837517.7590022,45.0,60,15.0
1571837517.8528547,45.0,60,15.0
1571837517.9465969,45.0,60,15.0
1571837518.0405037,45.0,60,15.0
1571837518.1347737,45.0,60,15.0
1571837518.2282195,45.0,60,15.0
1571837518.3221512,45.1,60,14.899999999999999
1571837518.415975,45.1,60,14.899999999999999
1571837518.5101035,45.2,60,14.799999999999997
1571837518.6039104,45.2,60,14.799999999999997
1571837518.6973572,45.3,60,14.700000000000003
1571837518.7912247,45.4,60,14.600000000000001
1571837518.8851848,45.4,60,14.600000000000001
1571837518.9788609,45.5,60,14.5
1571837519.0728152,45.6,60,14.399999999999999
1571837519.1669161,45.6,60,14.399999999999999
1571837519.2607036,45.7,60,14.299999999999997
1571837519.3544824,45.8,60,14.200000000000003
1571837519.4480026,45.8,60,14.200000000000003
1571837519.5421634,45.8,60,14.200000000000003
1571837519.635546,45.9,60,14.100000000000001
1571837519.7293906,45.9,60,14.100000000000001
1571837519.8270452,45.9,60,14.100000000000001
1571837519.9169757,45.9,60,14.100000000000001
1571837520.0108273,45.9,60,14.100000000000001
1571837520.1045735,46.0,60,14.0
1571837520.19842,46.0,60,14.0
1571837520.293428,46.0,60,14.0
1571837520.3859673,46.0,60,14.0
1571837520.479788,46.0,60,14.0
1571837520.5736644,46.0,60,14.0
1571837520.6674395,46.1,60,13.899999999999999
1571837520.7615948,46.1,60,13.899999999999999
1571837520.8551996,46.1,60,13.899999999999999
1571837520.949058,46.2,60,13.799999999999997
1571837521.0430458,46.3,60,13.700000000000003
1571837521.1369233,46.4,60,13.600000000000001
1571837521.2307281,46.4,60,13.600000000000001
1571837521.324608,46.5,60,13.5
1571837521.4185474,46.6,60,13.399999999999999
1571837521.5124052,46.7,60,13.299999999999997
1571837521.606359,46.7,60,13.299999999999997
1571837521.7006927,46.8,60,13.200000000000003
1571837521.7941997,46.8,60,13.200000000000003
1571837521.888156,46.9,60,13.100000000000001
1571837521.9819949,46.9,60,13.100000000000001
1571837522.075916,46.9,60,13.100000000000001
1571837522.1698442,46.9,60,13.100000000000001
1571837522.2637017,46.9,60,13.100000000000001
1571837522.3574908,46.9,60,13.100000000000001
1571837522.4513288,47.0,60,13.0
1571837522.5450847,47.0,60,13.0
1571837522.6389437,47.0,60,13.0
1571837522.733141,47.0,60,13.0
1571837522.8265471,47.0,60,13.0
1571837522.920857,47.0,60,13.0
1571837523.014224,47.0,60,13.0
1571837523.1080348,47.1,60,12.899999999999999
1571837523.201978,47.1,60,12.899999999999999
1571837523.2958524,47.1,60,12.899999999999999
1571837523.3896687,47.2,60,12.799999999999997
1571837523.4835098,47.3,60,12.700000000000003
1571837523.577378,47.3,60,12.700000000000003
1571837523.6711276,47.4,60,12.600000000000001
1571837523.7651346,47.4,60,12.600000000000001
1571837523.8587244,47.5,60,12.5
1571837523.9524188,47.6,60,12.399999999999999
1571837524.0463507,47.6,60,12.399999999999999
1571837524.1401613,47.7,60,12.299999999999997
1571837524.2342868,47.7,60,12.299999999999997
1571837524.327794,47.8,60,12.200000000000003
1571837524.4216533,47.8,60,12.200000000000003
1571837524.5154004,47.9,60,12.100000000000001
1571837524.6092558,47.9,60,12.100000000000001
1571837524.7031233,47.9,60,12.100000000000001
1571837524.796864,47.9,60,12.100000000000001
1571837524.8907475,47.9,60,12.100000000000001
1571837524.9846334,47.9,60,12.100000000000001
1571837525.0784137,47.9,60,12.100000000000001
1571837525.172229,48.0,60,12.0
1571837525.2659545,48.0,60,12.0
1571837525.3597674,48.0,60,12.0
1571837525.4536278,48.0,60,12.0
1571837525.5473921,48.0,60,12.0
1571837525.6412375,48.0,60,12.0
1571837525.7350817,48.0,60,12.0
1571837525.828825,48.0,60,12.0
1571837525.9245305,48.0,60,12.0
1571837526.0165603,48.0,60,12.0
1571837526.1102858,48.1,60,11.899999999999999
1571837526.2041335,48.1,60,11.899999999999999
1571837526.298022,48.2,60,11.799999999999997
1571837526.3920426,48.3,60,11.700000000000003
1571837526.4856982,48.3,60,11.700000000000003
1571837526.5795515,48.4,60,11.600000000000001
1571837526.6732707,48.5,60,11.5
1571837526.7671952,48.5,60,11.5
1571837526.8610926,48.6,60,11.399999999999999
1571837526.9548888,48.7,60,11.299999999999997
1571837527.0491872,48.7,60,11.299999999999997
1571837527.142726,48.8,60,11.200000000000003
1571837527.2365549,48.8,60,11.200000000000003
1571837527.3305345,48.9,60,11.100000000000001
1571837527.4243753,48.9,60,11.100000000000001
1571837527.5197625,48.9,60,11.100000000000001
1571837527.6120687,48.9,60,11.100000000000001
1571837527.7059546,48.9,60,11.100000000000001
1571837527.7997117,49.0,60,11.0
1571837527.8935847,49.0,60,11.0
1571837527.9875052,49.0,60,11.0
1571837528.0812342,49.0,60,11.0
1571837528.1751554,49.0,60,11.0
1571837528.2689972,49.0,60,11.0
1571837528.36276,49.0,60,11.0
1571837528.456617,49.0,60,11.0
1571837528.5503738,49.1,60,10.899999999999999
1571837528.64423,49.1,60,10.899999999999999
1571837528.7385292,49.2,60,10.799999999999997
1571837528.8319502,49.2,60,10.799999999999997
1571837528.9256892,49.3,60,10.700000000000003
1571837529.0195744,49.4,60,10.600000000000001
1571837529.113356,49.5,60,10.5
1571837529.2076957,49.5,60,10.5
1571837529.301191,49.6,60,10.399999999999999
1571837529.3949835,49.7,60,10.299999999999997
1571837529.4888961,49.7,60,10.299999999999997
1571837529.58281,49.8,60,10.200000000000003
1571837529.6765275,49.8,60,10.200000000000003
1571837529.7704487,49.9,60,10.100000000000001
1571837529.8646796,49.9,60,10.100000000000001
1571837529.9580238,49.9,60,10.100000000000001
1571837530.0518553,49.9,60,10.100000000000001
1571837530.1457105,49.9,60,10.100000000000001
1571837530.239487,49.9,60,10.100000000000001
1571837530.33379,49.9,60,10.100000000000001
1571837530.4273,50.0,60,10.0
1571837530.521029,50.0,60,10.0
1571837530.6148958,50.0,60,10.0
1571837530.7091057,50.0,60,10.0
1571837530.8028674,50.0,60,10.0
1571837530.8963969,50.0,60,10.0
1571837530.9906032,50.0,60,10.0
1571837531.0840263,50.0,60,10.0
1571837531.1779168,50.1,60,9.899999999999999
1571837531.2717366,50.1,60,9.899999999999999
1571837531.365835,50.1,60,9.899999999999999
1571837531.4593601,50.2,60,9.799999999999997
1571837531.553227,50.3,60,9.700000000000003
1571837531.6470294,50.4,60,9.600000000000001
1571837531.7408893,50.4,60,9.600000000000001
1571837531.8346753,50.5,60,9.5
1571837531.9285944,50.6,60,9.399999999999999
1571837532.022542,50.6,60,9.399999999999999
1571837532.116361,50.7,60,9.299999999999997
1571837532.2101974,50.8,60,9.200000000000003
1571837532.304254,50.8,60,9.200000000000003
1571837532.3976877,50.9,60,9.100000000000001
1571837532.4915755,50.9,60,9.100000000000001
1571837532.5854201,50.9,60,9.100000000000001
1571837532.679189,50.9,60,9.100000000000001
1571837532.7730293,50.9,60,9.100000000000001
1571837532.8668983,50.9,60,9.100000000000001
1571837532.9606588,51.0,60,9.0
1571837533.054557,51.0,60,9.0
1571837533.1487975,51.0,60,9.0
1571837533.2421765,51.0,60,9.0
1571837533.3360412,51.0,60,9.0
1571837533.4299483,51.0,60,9.0
1571837533.523694,51.0,60,9.0
1571837533.617553,51.1,60,8.899999999999999
1571837533.7114263,51.1,60,8.899999999999999
1571837533.8051553,51.1,60,8.899999999999999
1571837533.8990738,51.2,60,8.799999999999997
1571837533.9929473,51.3,60,8.700000000000003
1571837534.0866766,51.3,60,8.700000000000003
1571837534.1805112,51.4,60,8.600000000000001
1571837534.2743804,51.5,60,8.5
1571837534.368138,51.5,60,8.5
1571837534.462047,51.6,60,8.399999999999999
1571837534.5559096,51.7,60,8.299999999999997
1571837534.6496718,51.7,60,8.299999999999997
1571837534.7435422,51.8,60,8.200000000000003
1571837534.8373885,51.8,60,8.200000000000003
1571837534.9311223,51.9,60,8.100000000000001
1571837535.0250583,51.9,60,8.100000000000001
1571837535.118909,51.9,60,8.100000000000001
1571837535.2128618,51.9,60,8.100000000000001
1571837535.3069093,51.9,60,8.100000000000001
1571837535.4007747,51.9,60,8.100000000000001
1571837535.494687,52.0,60,8.0
1571837535.5889828,51.9,60,8.100000000000001
1571837535.6824417,52.0,60,8.0
1571837535.7763112,52.0,60,8.0
1571837535.8702242,52.0,60,8.0
1571837535.9643152,52.0,60,8.0
1571837536.057915,52.0,60,8.0
1571837536.1517904,52.0,60,8.0
1571837536.2455082,52.0,60,8.0
1571837536.339336,52.0,60,8.0
1571837536.4331858,52.0,60,8.0
1571837536.5268853,52.1,60,7.899999999999999
1571837536.6211026,52.1,60,7.899999999999999
1571837536.7149308,52.2,60,7.799999999999997
1571837536.8082669,52.3,60,7.700000000000003
1571837536.90242,52.3,60,7.700000000000003
1571837536.9962053,52.3,60,7.700000000000003
1571837537.0897021,52.4,60,7.600000000000001
1571837537.1837864,52.4,60,7.600000000000001
1571837537.277326,52.5,60,7.5
1571837537.3711665,52.6,60,7.399999999999999
1571837537.4650652,52.6,60,7.399999999999999
1571837537.5589564,52.7,60,7.299999999999997
1571837537.6527374,52.7,60,7.299999999999997
1571837537.7466736,52.8,60,7.200000000000003
1571837537.8409047,52.8,60,7.200000000000003
1571837537.9343472,52.9,60,7.100000000000001
1571837538.028415,52.9,60,7.100000000000001
1571837538.1249943,52.9,60,7.100000000000001
1571837538.2159617,52.9,60,7.100000000000001
1571837538.3098083,52.9,60,7.100000000000001
1571837538.4035382,52.9,60,7.100000000000001
1571837538.4973187,52.9,60,7.100000000000001
1571837538.591197,52.9,60,7.100000000000001
1571837538.6938593,52.9,60,7.100000000000001
1571837538.7969472,53.0,60,7.0
1571837538.882198,53.0,60,7.0
1571837538.9688427,53.0,60,7.0
1571837539.0600426,53.0,60,7.0
1571837539.153889,53.0,60,7.0
1571837539.2475693,53.0,60,7.0
1571837539.3414555,53.0,60,7.0
1571837539.4355488,53.0,60,7.0
1571837539.5300915,53.0,60,7.0
1571837539.6234567,53.0,60,7.0
1571837539.718883,53.1,60,6.899999999999999
1571837539.8272707,53.1,60,6.899999999999999
1571837539.947777,53.1,60,6.899999999999999
1571837540.0456643,53.2,60,6.799999999999997
1571837540.147034,53.2,60,6.799999999999997
1571837540.267409,53.3,60,6.700000000000003
1571837540.3847654,53.3,60,6.700000000000003
1571837540.5040176,53.4,60,6.600000000000001
1571837540.6269794,53.4,60,6.600000000000001
1571837540.745236,53.5,60,6.5
1571837540.861441,53.6,60,6.399999999999999
1571837540.9608228,53.6,60,6.399999999999999
1571837541.059335,53.7,60,6.299999999999997
1571837541.177452,53.7,60,6.299999999999997
1571837541.2931879,53.8,60,6.200000000000003
1571837541.4111192,53.8,60,6.200000000000003
1571837541.5287426,53.9,60,6.100000000000001
1571837541.619834,53.9,60,6.100000000000001
1571837541.7346056,53.9,60,6.100000000000001
1571837541.849769,53.9,60,6.100000000000001
1571837541.9659483,53.9,60,6.100000000000001
1571837542.078559,53.9,60,6.100000000000001
1571837542.170215,53.9,60,6.100000000000001
1571837542.2683039,53.9,60,6.100000000000001
1571837542.3744736,53.9,60,6.100000000000001
1571837542.4837756,54.0,60,6.0
1571837542.5839117,54.0,60,6.0
1571837542.6757112,54.0,60,6.0
1571837542.7685473,54.0,60,6.0
1571837542.8614888,54.0,60,6.0
1571837542.963849,54.0,60,6.0
1571837543.059606,54.0,60,6.0
1571837543.1810677,54.0,60,6.0
1571837543.29248,54.1,60,5.899999999999999
1571837543.3911238,54.1,60,5.899999999999999
1571837543.480331,54.1,60,5.899999999999999
1571837543.5685587,54.2,60,5.799999999999997
1571837543.6609602,54.2,60,5.799999999999997
1571837543.7566912,54.3,60,5.700000000000003
1571837543.8765812,54.3,60,5.700000000000003
1571837543.9697893,54.4,60,5.600000000000001
1571837544.0856018,54.4,60,5.600000000000001
1571837544.1969736,54.5,60,5.5
1571837544.310139,54.5,60,5.5
1571837544.4159174,54.6,60,5.399999999999999
1571837544.5073676,54.6,60,5.399999999999999
1571837544.597233,54.7,60,5.299999999999997
1571837544.6858432,54.7,60,5.299999999999997
1571837544.780106,54.8,60,5.200000000000003
1571837544.8686986,54.8,60,5.200000000000003
1571837544.976698,54.8,60,5.200000000000003
1571837545.0735943,54.9,60,5.100000000000001
1571837545.1656363,54.9,60,5.100000000000001
1571837545.2616155,54.9,60,5.100000000000001
1571837545.3770409,54.9,60,5.100000000000001
1571837545.4667304,54.9,60,5.100000000000001
1571837545.5598667,54.9,60,5.100000000000001
1571837545.6682272,54.9,60,5.100000000000001
1571837545.7809722,54.9,60,5.100000000000001
1571837545.8944428,54.9,60,5.100000000000001
1571837546.0045,54.9,60,5.100000000000001
1571837546.1178265,55.0,60,5.0
1571837546.2323,55.0,60,5.0
1571837546.3433833,55.0,60,5.0
1571837546.437548,55.0,60,5.0
1571837546.52797,55.0,60,5.0
1571837546.6105328,55.0,60,5.0
1571837546.7194464,55.0,60,5.0
1571837546.8267527,55.0,60,5.0
1571837546.917357,55.0,60,5.0
1571837547.0034823,55.0,60,5.0
1571837547.092166,55.0,60,5.0
1571837547.1811569,55.0,60,5.0
1571837547.270608,55.0,60,5.0
1571837547.3549275,55.0,60,5.0
1571837547.4443781,55.1,60,4.899999999999999
1571837547.533635,55.1,60,4.899999999999999
1571837547.622733,55.1,60,4.899999999999999
1571837547.7067132,55.2,60,4.799999999999997
1571837547.795159,55.2,60,4.799999999999997
1571837547.8939192,55.2,60,4.799999999999997
1571837547.9776201,55.3,60,4.700000000000003
1571837548.0840316,55.3,60,4.700000000000003
1571837548.1932678,55.3,60,4.700000000000003
1571837548.2959201,55.4,60,4.600000000000001
1571837548.3761127,55.4,60,4.600000000000001
1571837548.462151,55.5,60,4.5
1571837548.553573,55.5,60,4.5
1571837548.636226,55.6,60,4.399999999999999
1571837548.7217846,55.6,60,4.399999999999999
1571837548.8054523,55.6,60,4.399999999999999
1571837548.894347,55.7,60,4.299999999999997
1571837548.9857569,55.7,60,4.299999999999997
1571837549.0735502,55.7,60,4.299999999999997
1571837549.1634083,55.8,60,4.200000000000003
1571837549.2508533,55.8,60,4.200000000000003
1571837549.3413696,55.8,60,4.200000000000003
1571837549.435117,55.9,60,4.100000000000001
1571837549.5276647,55.9,60,4.100000000000001
1571837549.6132486,55.9,60,4.100000000000001
1571837549.700669,55.9,60,4.100000000000001
1571837549.7909539,55.9,60,4.100000000000001
1571837549.8908422,55.9,60,4.100000000000001
1571837549.9831402,55.9,60,4.100000000000001
1571837550.0757182,55.9,60,4.100000000000001
1571837550.1666307,55.9,60,4.100000000000001
1571837550.2551746,55.9,60,4.100000000000001
1571837550.3477483,55.9,60,4.100000000000001
1571837550.4472313,55.9,60,4.100000000000001
1571837550.5607703,55.9,60,4.100000000000001
1571837550.6673656,55.9,60,4.100000000000001
1571837550.7758636,55.9,60,4.100000000000001
1571837550.8623796,55.9,60,4.100000000000001
1571837550.9508517,56.0,60,4.0
1571837551.054953,56.0,60,4.0
1571837551.1646855,56.0,60,4.0
1571837551.2503743,56.0,60,4.0
1571837551.3397183,56.0,60,4.0
1571837551.4342136,56.0,60,4.0
1571837551.5282476,56.0,60,4.0
1571837551.6173794,56.0,60,4.0
1571837551.7292423,56.0,60,4.0
1571837551.8190818,56.0,60,4.0
1571837551.9096503,56.0,60,4.0
1571837552.0191448,56.0,60,4.0
1571837552.1255333,56.0,60,4.0
1571837552.2099247,56.0,60,4.0
1571837552.2964652,56.0,60,4.0
1571837552.3842242,56.0,60,4.0
1571837552.4751892,56.0,60,4.0
1571837552.5718148,56.0,60,4.0
1571837552.660825,56.0,60,4.0
1571837552.7491627,56.0,60,4.0
1571837552.836316,56.0,60,4.0
1571837552.9208882,56.0,60,4.0
1571837553.0036445,56.0,60,4.0
1571837553.0860586,56.1,60,3.8999999999999986
1571837553.1708214,56.1,60,3.8999999999999986
1571837553.2557547,56.1,60,3.8999999999999986
1571837553.3400426,56.1,60,3.8999999999999986
1571837553.4283223,56.1,60,3.8999999999999986
1571837553.5174286,56.2,60,3.799999999999997
1571837553.5999174,56.2,60,3.799999999999997
1571837553.6786458,56.2,60,3.799999999999997
1571837553.7666757,56.2,60,3.799999999999997
1571837553.8514488,56.2,60,3.799999999999997
1571837553.9381392,56.3,60,3.700000000000003
1571837554.0234659,56.3,60,3.700000000000003
1571837554.1070778,56.3,60,3.700000000000003
1571837554.20839,56.3,60,3.700000000000003
1571837554.3127356,56.4,60,3.6000000000000014
1571837554.413973,56.4,60,3.6000000000000014
1571837554.5167122,56.4,60,3.6000000000000014
1571837554.6147985,56.4,60,3.6000000000000014
1571837554.6939437,56.4,60,3.6000000000000014
1571837554.7699795,56.5,60,3.5
1571837554.8429754,56.5,60,3.5
1571837554.9438646,56.5,60,3.5
1571837555.0433168,56.5,60,3.5
1571837555.1446712,56.5,60,3.5
1571837555.2452955,56.5,60,3.5
1571837555.3189297,56.6,60,3.3999999999999986
1571837555.3996327,56.6,60,3.3999999999999986
1571837555.503758,56.6,60,3.3999999999999986
1571837555.5793152,56.6,60,3.3999999999999986
1571837555.6566784,56.6,60,3.3999999999999986
1571837555.7298775,56.7,60,3.299999999999997
1571837555.8073628,56.7,60,3.299999999999997
1571837555.8862038,56.7,60,3.299999999999997
1571837555.9674904,56.7,60,3.299999999999997
1571837556.0504608,56.7,60,3.299999999999997
1571837556.1464827,56.7,60,3.299999999999997
1571837556.2486136,56.7,60,3.299999999999997
1571837556.3473914,56.8,60,3.200000000000003
1571837556.4514048,56.8,60,3.200000000000003
1571837556.5265276,56.8,60,3.200000000000003
1571837556.6035564,56.8,60,3.200000000000003
1571837556.676472,56.8,60,3.200000000000003
1571837556.7753997,56.8,60,3.200000000000003
1571837556.8730643,56.8,60,3.200000000000003
1571837556.9774916,56.8,60,3.200000000000003
1571837557.074685,56.8,60,3.200000000000003
1571837557.1770778,56.8,60,3.200000000000003
1571837557.2564666,56.8,60,3.200000000000003
1571837557.3451831,56.9,60,3.1000000000000014
1571837557.4533975,56.9,60,3.1000000000000014
1571837557.554084,56.9,60,3.1000000000000014
1571837557.6556935,56.9,60,3.1000000000000014
1571837557.7553418,56.9,60,3.1000000000000014
1571837557.8550994,56.9,60,3.1000000000000014
1571837557.9282906,56.9,60,3.1000000000000014
1571837558.0179424,56.9,60,3.1000000000000014
1571837558.114813,56.9,60,3.1000000000000014
1571837558.1832275,56.9,60,3.1000000000000014
1571837558.2568297,56.9,60,3.1000000000000014
1571837558.348545,56.9,60,3.1000000000000014
1571837558.4521658,56.9,60,3.1000000000000014
1571837558.5289366,56.9,60,3.1000000000000014
1571837558.6054163,56.9,60,3.1000000000000014
1571837558.68078,56.9,60,3.1000000000000014
1571837558.7558417,56.9,60,3.1000000000000014
1571837558.828148,56.9,60,3.1000000000000014
1571837558.9069262,56.9,60,3.1000000000000014
1571837558.9818842,56.9,60,3.1000000000000014
1571837559.0615067,56.9,60,3.1000000000000014
1571837559.1373715,56.9,60,3.1000000000000014
1571837559.212465,56.9,60,3.1000000000000014
1571837559.2853925,56.9,60,3.1000000000000014
1571837559.3613005,56.9,60,3.1000000000000014
1571837559.4405794,56.9,60,3.1000000000000014
1571837559.5181983,56.9,60,3.1000000000000014
1571837559.5964851,56.9,60,3.1000000000000014
1571837559.6723201,56.9,60,3.1000000000000014
1571837559.7468574,56.9,60,3.1000000000000014
1571837559.8225875,56.9,60,3.1000000000000014
1571837559.8943298,56.9,60,3.1000000000000014
1571837559.981466,56.9,60,3.1000000000000014
1571837560.074926,56.9,60,3.1000000000000014
1571837560.1687868,56.9,60,3.1000000000000014
1571837560.2625935,56.9,60,3.1000000000000014
1571837560.3570895,56.9,60,3.1000000000000014
1571837560.4520078,56.9,60,3.1000000000000014
1571837560.5546198,56.9,60,3.1000000000000014
1571837560.637621,56.9,60,3.1000000000000014
1571837560.7314892,56.9,60,3.1000000000000014
1571837560.8258095,56.9,60,3.1000000000000014
1571837560.9243731,56.9,60,3.1000000000000014
1571837561.0249274,56.9,60,3.1000000000000014
1571837561.1253338,56.9,60,3.1000000000000014
1571837561.2001526,56.9,60,3.1000000000000014
1571837561.2943525,56.9,60,3.1000000000000014
1571837561.3891933,56.9,60,3.1000000000000014
1571837561.4951885,56.9,60,3.1000000000000014
1571837561.5879202,56.9,60,3.1000000000000014
1571837561.6939092,56.9,60,3.1000000000000014
1571837561.7933178,56.9,60,3.1000000000000014
1571837561.866005,56.9,60,3.1000000000000014
1571837561.9503188,56.9,60,3.1000000000000014
1571837562.0441692,56.9,60,3.1000000000000014
1571837562.1380296,56.9,60,3.1000000000000014
1571837562.231756,56.9,60,3.1000000000000014
1571837562.3256857,56.9,60,3.1000000000000014
1571837562.425372,56.9,60,3.1000000000000014
1571837562.5216873,56.9,60,3.1000000000000014
1571837562.6143117,56.9,60,3.1000000000000014
1571837562.7134755,56.9,60,3.1000000000000014
1571837562.808482,56.9,60,3.1000000000000014
1571837562.9110172,56.9,60,3.1000000000000014
1571837562.9823198,56.9,60,3.1000000000000014
1571837563.0760627,56.9,60,3.1000000000000014
1571837563.170205,56.9,60,3.1000000000000014
1571837563.2637234,56.9,60,3.1000000000000014
1571837563.3574643,56.9,60,3.1000000000000014
1571837563.4525027,56.9,60,3.1000000000000014
1571837563.5485969,56.9,60,3.1000000000000014
1571837563.6388946,56.9,60,3.1000000000000014
1571837563.7387013,56.9,60,3.1000000000000014
1571837563.8268864,56.9,60,3.1000000000000014
1571837563.9303734,56.9,60,3.1000000000000014
1571837564.0142462,56.9,60,3.1000000000000014
1571837564.108076,56.9,60,3.1000000000000014
1571837564.2022173,56.9,60,3.1000000000000014
1571837564.295842,56.9,60,3.1000000000000014
1571837564.389836,56.9,60,3.1000000000000014
1571837564.4836664,56.9,60,3.1000000000000014
1571837564.5776763,56.9,60,3.1000000000000014
1571837564.6713462,56.9,60,3.1000000000000014
1571837564.7653034,56.9,60,3.1000000000000014
1571837564.8609707,56.9,60,3.1000000000000014
1571837564.9550803,56.9,60,3.1000000000000014
1571837565.056798,56.9,60,3.1000000000000014
1571837565.1410403,56.9,60,3.1000000000000014
1571837565.2352293,56.9,60,3.1000000000000014
1571837565.3288822,56.9,60,3.1000000000000014
1571837565.422738,56.9,60,3.1000000000000014
1571837565.5165806,56.9,60,3.1000000000000014
1571837565.6108835,56.9,60,3.1000000000000014
1571837565.7052484,56.9,60,3.1000000000000014
1571837565.7982848,56.9,60,3.1000000000000014
1571837565.893399,56.9,60,3.1000000000000014
1571837565.9867358,56.9,60,3.1000000000000014
1571837566.0899115,56.9,60,3.1000000000000014
1571837566.174201,56.9,60,3.1000000000000014
1571837566.2681794,56.9,60,3.1000000000000014
1571837566.361539,56.9,60,3.1000000000000014
1571837566.4608629,56.9,60,3.1000000000000014
1571837566.5496428,56.9,60,3.1000000000000014
1571837566.643502,56.9,60,3.1000000000000014
1571837566.7371943,56.9,60,3.1000000000000014
1571837566.8311448,56.9,60,3.1000000000000014
1571837566.9249878,56.9,60,3.1000000000000014
1571837567.0189133,56.9,60,3.1000000000000014
1571837567.112881,56.9,60,3.1000000000000014
1571837567.2067325,56.9,60,3.1000000000000014
1571837567.300691,56.9,60,3.1000000000000014
1571837567.394588,56.9,60,3.1000000000000014
1571837567.4886775,56.9,60,3.1000000000000014
1571837567.5822678,56.9,60,3.1000000000000014
1571837567.6773772,56.9,60,3.1000000000000014
1571837567.7715642,56.9,60,3.1000000000000014
1571837567.8698773,56.9,60,3.1000000000000014
1571837567.9576042,56.9,60,3.1000000000000014
1571837568.0515447,56.9,60,3.1000000000000014
1571837568.145844,56.9,60,3.1000000000000014
1571837568.244765,56.9,60,3.1000000000000014
1571837568.3429325,56.9,60,3.1000000000000014
1571837568.436145,56.9,60,3.1000000000000014
1571837568.5210726,56.9,60,3.1000000000000014
1571837568.6148875,56.9,60,3.1000000000000014
1571837568.7087758,56.9,60,3.1000000000000014
1571837568.8025537,56.9,60,3.1000000000000014
1571837568.8964355,56.9,60,3.1000000000000014
1571837568.9903612,56.9,60,3.1000000000000014
1571837569.084154,56.9,60,3.1000000000000014
1571837569.1779401,56.9,60,3.1000000000000014
1571837569.2717721,56.9,60,3.1000000000000014
1571837569.365994,56.9,60,3.1000000000000014
1571837569.4595842,56.9,60,3.1000000000000014
1571837569.554011,56.9,60,3.1000000000000014
1571837569.647815,56.9,60,3.1000000000000014
1571837569.7412639,56.9,60,3.1000000000000014
1571837569.8352091,56.9,60,3.1000000000000014
1571837569.9305725,56.9,60,3.1000000000000014
1571837570.0262086,56.9,60,3.1000000000000014
1571837570.117297,56.9,60,3.1000000000000014
1571837570.214496,56.9,60,3.1000000000000014
1571837570.310256,56.9,60,3.1000000000000014
1571837570.3997118,56.9,60,3.1000000000000014
1571837570.4924164,56.9,60,3.1000000000000014
1571837570.588466,56.9,60,3.1000000000000014
1571837570.6807835,56.9,60,3.1000000000000014
1571837570.7741334,56.9,60,3.1000000000000014
1571837570.86802,56.9,60,3.1000000000000014
1571837570.9619856,56.9,60,3.1000000000000014
1571837571.0557246,56.9,60,3.1000000000000014
1571837571.1496422,56.9,60,3.1000000000000014
1571837571.2434053,56.9,60,3.1000000000000014
1571837571.3372915,56.9,60,3.1000000000000014
1571837571.431128,56.9,60,3.1000000000000014
1571837571.524977,56.9,60,3.1000000000000014
1571837571.6189756,56.8,60,3.200000000000003
1571837571.7129714,56.8,60,3.200000000000003
1571837571.8071804,56.8,60,3.200000000000003
1571837571.9006522,56.8,60,3.200000000000003
1571837571.9948351,56.8,60,3.200000000000003
1571837572.0884278,56.8,60,3.200000000000003
1571837572.182355,56.8,60,3.200000000000003
1571837572.2765698,56.8,60,3.200000000000003
1571837572.370049,56.8,60,3.200000000000003
1571837572.4700644,56.8,60,3.200000000000003
1571837572.562069,56.7,60,3.299999999999997
1571837572.6531832,56.7,60,3.299999999999997
1571837572.7466462,56.7,60,3.299999999999997
1571837572.8401256,56.7,60,3.299999999999997
1571837572.9398751,56.7,60,3.299999999999997
1571837573.0273175,56.7,60,3.299999999999997
1571837573.124118,56.7,60,3.299999999999997
1571837573.2149782,56.6,60,3.3999999999999986
1571837573.3089159,56.6,60,3.3999999999999986
1571837573.4027972,56.6,60,3.3999999999999986
1571837573.4965975,56.6,60,3.3999999999999986
1571837573.5906947,56.6,60,3.3999999999999986
1571837573.6845899,56.6,60,3.3999999999999986
1571837573.7789028,56.5,60,3.5
1571837573.8721173,56.5,60,3.5
1571837573.966189,56.5,60,3.5
1571837574.0600524,56.5,60,3.5
1571837574.1537817,56.5,60,3.5
1571837574.2477539,56.4,60,3.6000000000000014
1571837574.3415947,56.4,60,3.6000000000000014
1571837574.435646,56.4,60,3.6000000000000014
1571837574.529322,56.4,60,3.6000000000000014
1571837574.623178,56.4,60,3.6000000000000014
1571837574.7170455,56.3,60,3.700000000000003
1571837574.8110366,56.3,60,3.700000000000003
1571837574.905419,56.3,60,3.700000000000003
1571837575.0018907,56.3,60,3.700000000000003
1571837575.092238,56.2,60,3.799999999999997
1571837575.1860504,56.2,60,3.799999999999997
1571837575.280203,56.2,60,3.799999999999997
1571837575.3744557,56.2,60,3.799999999999997
1571837575.4683545,56.1,60,3.8999999999999986
1571837575.5613327,56.1,60,3.8999999999999986
1571837575.655273,56.1,60,3.8999999999999986
1571837575.7496264,56.1,60,3.8999999999999986
1571837575.8432903,56.1,60,3.8999999999999986
1571837575.941619,56.0,60,4.0
1571837576.0309944,56.0,60,4.0
1571837576.1249065,56.0,60,4.0
1571837576.2188134,56.0,60,4.0
1571837576.3126605,56.0,60,4.0
1571837576.4068272,56.0,60,4.0
1571837576.500413,56.0,60,4.0
1571837576.5943851,56.0,60,4.0
1571837576.688343,56.0,60,4.0
1571837576.7822394,56.0,60,4.0
1571837576.8762217,56.0,60,4.0
1571837576.9706473,56.0,60,4.0
1571837577.0641034,56.0,60,4.0
1571837577.1583905,56.0,60,4.0
1571837577.2519941,56.0,60,4.0
1571837577.3492813,55.9,60,4.100000000000001
1571837577.4399955,56.0,60,4.0
1571837577.5336442,55.9,60,4.100000000000001
1571837577.6288314,56.0,60,4.0
1571837577.7213142,55.9,60,4.100000000000001
1571837577.8158534,55.9,60,4.100000000000001
1571837577.9090369,55.9,60,4.100000000000001
1571837578.0028746,55.9,60,4.100000000000001
1571837578.096753,55.9,60,4.100000000000001
1571837578.190884,55.9,60,4.100000000000001
1571837578.2862618,55.9,60,4.100000000000001
1571837578.3783896,55.9,60,4.100000000000001
1571837578.472317,55.9,60,4.100000000000001
1571837578.5663216,55.9,60,4.100000000000001
1571837578.6600301,55.9,60,4.100000000000001
1571837578.7539823,55.8,60,4.200000000000003
1571837578.84796,55.8,60,4.200000000000003
1571837578.9418724,55.8,60,4.200000000000003
1571837579.0358217,55.7,60,4.299999999999997
1571837579.1356122,55.7,60,4.299999999999997
1571837579.229423,55.7,60,4.299999999999997
1571837579.319647,55.7,60,4.299999999999997
1571837579.4123988,55.6,60,4.399999999999999
1571837579.5050797,55.6,60,4.399999999999999
1571837579.6009283,55.6,60,4.399999999999999
1571837579.69293,55.5,60,4.5
1571837579.786817,55.5,60,4.5
1571837579.8809183,55.5,60,4.5
1571837579.9754205,55.4,60,4.600000000000001
1571837580.0707288,55.4,60,4.600000000000001
1571837580.1625006,55.4,60,4.600000000000001
1571837580.2606292,55.4,60,4.600000000000001
1571837580.3499134,55.3,60,4.700000000000003
1571837580.4449532,55.3,60,4.700000000000003
1571837580.5378122,55.3,60,4.700000000000003
1571837580.6316342,55.3,60,4.700000000000003
1571837580.7256293,55.3,60,4.700000000000003
1571837580.8195286,55.2,60,4.799999999999997
1571837580.9133387,55.2,60,4.799999999999997
1571837581.0076158,55.2,60,4.799999999999997
1571837581.1030753,55.2,60,4.799999999999997
1571837581.2040422,55.2,60,4.799999999999997
1571837581.3041716,55.1,60,4.899999999999999
1571837581.3824518,55.1,60,4.899999999999999
1571837581.476138,55.1,60,4.899999999999999
1571837581.5702672,55.1,60,4.899999999999999
1571837581.6637285,55.1,60,4.899999999999999
1571837581.757601,55.1,60,4.899999999999999
1571837581.851471,55.1,60,4.899999999999999
1571837581.9463212,55.1,60,4.899999999999999
1571837582.039075,55.0,60,5.0
1571837582.135334,55.0,60,5.0
1571837582.2281954,55.0,60,5.0
1571837582.320782,55.0,60,5.0
1571837582.4143524,55.0,60,5.0
1571837582.5094626,55.0,60,5.0
1571837582.6019537,55.0,60,5.0
1571837582.695824,55.0,60,5.0
1571837582.79054,55.0,60,5.0
1571837582.8836374,55.0,60,5.0
1571837582.9776106,55.0,60,5.0
1571837583.071074,55.0,60,5.0
1571837583.1649892,55.0,60,5.0
1571837583.2589602,55.0,60,5.0
1571837583.3528144,55.0,60,5.0
1571837583.4466906,55.0,60,5.0
1571837583.5405529,55.0,60,5.0
1571837583.6343675,55.0,60,5.0
1571837583.7282534,55.0,60,5.0
1571837583.8221486,55.0,60,5.0
1571837583.9159474,55.0,60,5.0
1571837584.0107617,55.0,60,5.0
1571837584.1048677,55.0,60,5.0
1571837584.1976454,55.0,60,5.0
1571837584.291279,55.0,60,5.0
1571837584.3850083,55.0,60,5.0
1571837584.4796512,55.0,60,5.0
1571837584.5726976,55.0,60,5.0
1571837584.666516,55.0,60,5.0
1571837584.7603223,55.0,60,5.0
1571837584.8541412,54.9,60,5.100000000000001
1571837584.9501872,55.0,60,5.0
1571837585.0418904,54.9,60,5.100000000000001
1571837585.1355424,54.9,60,5.100000000000001
1571837585.229253,54.9,60,5.100000000000001
1571837585.323125,54.9,60,5.100000000000001
1571837585.4169903,54.9,60,5.100000000000001
1571837585.5110261,54.9,60,5.100000000000001
1571837585.605152,54.9,60,5.100000000000001
1571837585.6985726,54.9,60,5.100000000000001
1571837585.7923074,54.9,60,5.100000000000001
1571837585.8861482,54.9,60,5.100000000000001
1571837585.980019,54.9,60,5.100000000000001
1571837586.0738206,54.9,60,5.100000000000001
1571837586.16769,54.9,60,5.100000000000001
1571837586.2626252,54.9,60,5.100000000000001
1571837586.3559418,54.9,60,5.100000000000001
1571837586.4498804,54.9,60,5.100000000000001
1571837586.5446706,54.9,60,5.100000000000001
1571837586.6369529,54.9,60,5.100000000000001
1571837586.7304714,54.9,60,5.100000000000001
1571837586.824417,54.9,60,5.100000000000001
1571837586.9181268,54.9,60,5.100000000000001
1571837587.0124238,54.9,60,5.100000000000001
1571837587.1058624,54.9,60,5.100000000000001
1571837587.199547,54.9,60,5.100000000000001
1571837587.2935944,54.9,60,5.100000000000001
1571837587.3871531,54.9,60,5.100000000000001
1571837587.4811726,54.9,60,5.100000000000001
1571837587.5746636,54.9,60,5.100000000000001
1571837587.6683738,54.9,60,5.100000000000001
1571837587.7622037,54.9,60,5.100000000000001
1571837587.8560803,54.9,60,5.100000000000001
1571837587.9498267,54.9,60,5.100000000000001
1571837588.0437179,54.9,60,5.100000000000001
1571837588.1375399,54.9,60,5.100000000000001
1571837588.2314172,54.9,60,5.100000000000001
1571837588.3251638,54.9,60,5.100000000000001
1571837588.4190245,54.9,60,5.100000000000001
1571837588.5127728,54.9,60,5.100000000000001
1571837588.6066682,54.9,60,5.100000000000001
1571837588.700499,54.9,60,5.100000000000001
1571837588.7943585,54.9,60,5.100000000000001
1571837588.8880897,54.9,60,5.100000000000001
1571837588.981963,54.8,60,5.200000000000003
1571837589.0759869,54.8,60,5.200000000000003
1571837589.169516,54.8,60,5.200000000000003
1571837589.2633734,54.8,60,5.200000000000003
1571837589.3572319,54.8,60,5.200000000000003
1571837589.4509015,54.8,60,5.200000000000003
1571837589.5451987,54.8,60,5.200000000000003
1571837589.6388133,54.8,60,5.200000000000003
1571837589.7323396,54.8,60,5.200000000000003
1571837589.8261857,54.8,60,5.200000000000003
1571837589.9199865,54.8,60,5.200000000000003
1571837590.015963,54.8,60,5.200000000000003
1571837590.1079023,54.8,60,5.200000000000003
1571837590.201348,54.8,60,5.200000000000003
1571837590.2955933,54.7,60,5.299999999999997
1571837590.3890507,54.7,60,5.299999999999997
1571837590.483637,54.7,60,5.299999999999997
1571837590.5769389,54.7,60,5.299999999999997
1571837590.670355,54.7,60,5.299999999999997
1571837590.7672553,54.7,60,5.299999999999997
1571837590.8579981,54.7,60,5.299999999999997
1571837590.9517734,54.7,60,5.299999999999997
1571837591.0459611,54.7,60,5.299999999999997
1571837591.1418223,54.7,60,5.299999999999997
1571837591.233332,54.6,60,5.399999999999999
1571837591.327255,54.6,60,5.399999999999999
1571837591.42165,54.6,60,5.399999999999999
1571837591.5167265,54.6,60,5.399999999999999
1571837591.6090472,54.6,60,5.399999999999999
1571837591.7025821,54.6,60,5.399999999999999
1571837591.7963057,54.6,60,5.399999999999999
1571837591.8902197,54.6,60,5.399999999999999
1571837591.9840376,54.6,60,5.399999999999999
1571837592.077836,54.6,60,5.399999999999999
1571837592.1717176,54.6,60,5.399999999999999
1571837592.26564,54.6,60,5.399999999999999
1571837592.3593655,54.5,60,5.5
1571837592.4535594,54.5,60,5.5
1571837592.5470607,54.5,60,5.5
1571837592.642451,54.5,60,5.5
1571837592.73469,54.5,60,5.5
1571837592.8292725,54.5,60,5.5
1571837592.9225488,54.5,60,5.5
1571837593.016199,54.5,60,5.5
1571837593.1100693,54.4,60,5.600000000000001
1571837593.2039232,54.4,60,5.600000000000001
1571837593.2978344,54.4,60,5.600000000000001
1571837593.3916779,54.4,60,5.600000000000001
1571837593.4854126,54.4,60,5.600000000000001
1571837593.579736,54.4,60,5.600000000000001
1571837593.6732101,54.4,60,5.600000000000001
1571837593.767183,54.4,60,5.600000000000001
1571837593.8611743,54.3,60,5.700000000000003
1571837593.9551637,54.3,60,5.700000000000003
1571837594.048911,54.3,60,5.700000000000003
1571837594.142891,54.3,60,5.700000000000003
1571837594.2366154,54.3,60,5.700000000000003
1571837594.3305285,54.3,60,5.700000000000003
1571837594.424436,54.3,60,5.700000000000003
1571837594.518247,54.3,60,5.700000000000003
1571837594.612144,54.3,60,5.700000000000003
1571837594.7060285,54.3,60,5.700000000000003
1571837594.7997675,54.2,60,5.799999999999997
1571837594.8936558,54.2,60,5.799999999999997
1571837594.9875834,54.2,60,5.799999999999997
1571837595.0814247,54.2,60,5.799999999999997
1571837595.1753554,54.2,60,5.799999999999997
1571837595.269307,54.2,60,5.799999999999997
1571837595.3631482,54.2,60,5.799999999999997
1571837595.4571013,54.2,60,5.799999999999997
1571837595.5511017,54.2,60,5.799999999999997
1571837595.6452656,54.1,60,5.899999999999999
1571837595.7388635,54.1,60,5.899999999999999
1571837595.8328376,54.1,60,5.899999999999999
1571837595.9269876,54.1,60,5.899999999999999
1571837596.0208786,54.1,60,5.899999999999999
1571837596.1145196,54.1,60,5.899999999999999
1571837596.2083278,54.1,60,5.899999999999999
1571837596.3027365,54.1,60,5.899999999999999
1571837596.396235,54.1,60,5.899999999999999
1571837596.4900727,54.1,60,5.899999999999999
1571837596.58384,54.1,60,5.899999999999999
1571837596.6776834,54.0,60,6.0
1571837596.7714827,54.1,60,5.899999999999999
1571837596.8653288,54.0,60,6.0
1571837596.9592004,54.0,60,6.0
1571837597.0529535,54.0,60,6.0
1571837597.1476974,54.0,60,6.0
1571837597.2406802,54.0,60,6.0
1571837597.3345232,54.0,60,6.0
1571837597.4296408,54.0,60,6.0
1571837597.52232,54.0,60,6.0
1571837597.6176107,54.0,60,6.0
1571837597.7102492,54.0,60,6.0
1571837597.8040104,54.0,60,6.0
1571837597.8980122,54.0,60,6.0
1571837597.991876,54.0,60,6.0
1571837598.0867972,54.0,60,6.0
1571837598.1796808,54.0,60,6.0
1571837598.2738955,54.0,60,6.0
1571837598.3673685,54.0,60,6.0
1571837598.4612658,54.0,60,6.0
1571837598.555112,54.0,60,6.0
1571837598.648832,54.0,60,6.0
1571837598.7429998,54.0,60,6.0
1571837598.836496,54.0,60,6.0
1571837598.9302564,54.0,60,6.0
1571837599.0244381,54.0,60,6.0
1571837599.1182308,54.0,60,6.0
1571837599.2117705,54.0,60,6.0
1571837599.3056097,54.0,60,6.0
1571837599.3995233,54.0,60,6.0
1571837599.4933248,54.0,60,6.0
1571837599.5871773,54.0,60,6.0
1571837599.6810184,54.0,60,6.0
1571837599.77474,54.0,60,6.0
1571837599.8685846,54.0,60,6.0
1571837599.962431,54.0,60,6.0
1571837600.0561848,54.0,60,6.0
1571837600.1500626,54.0,60,6.0
1571837600.2439218,54.0,60,6.0
1571837600.3376205,54.0,60,6.0
1571837600.4315138,54.0,60,6.0
1571837600.5252864,54.0,60,6.0
1571837600.6189406,54.0,60,6.0
1571837600.7127066,54.0,60,6.0
1571837600.8064582,54.0,60,6.0
1571837600.9003718,54.0,60,6.0
1571837600.9944203,54.0,60,6.0
1571837601.088103,54.0,60,6.0
1571837601.1824243,54.0,60,6.0
1571837601.27592,54.0,60,6.0
1571837601.3696845,54.0,60,6.0
1571837601.4638915,54.0,60,6.0
1571837601.5576584,54.0,60,6.0
1571837601.651095,54.0,60,6.0
1571837601.74509,54.0,60,6.0
1571837601.8389416,54.0,60,6.0
1571837601.93275,54.0,60,6.0
1571837602.026709,54.0,60,6.0
1571837602.120504,54.0,60,6.0
1571837602.2146087,54.0,60,6.0
1571837602.3082495,54.0,60,6.0
1571837602.4020488,54.0,60,6.0
1571837602.495784,53.9,60,6.100000000000001
1571837602.5895245,54.0,60,6.0
1571837602.6833882,54.0,60,6.0
1571837602.7773676,54.0,60,6.0
1571837602.87102,53.9,60,6.100000000000001
1571837602.9650278,53.9,60,6.100000000000001
1571837603.0587208,54.0,60,6.0
1571837603.1522882,53.9,60,6.100000000000001
1571837603.246139,54.0,60,6.0
1571837603.33983,53.9,60,6.100000000000001
1571837603.43374,53.9,60,6.100000000000001
1571837603.5276167,53.9,60,6.100000000000001
1571837603.6214216,53.9,60,6.100000000000001
1571837603.7152774,54.0,60,6.0
1571837603.809197,53.9,60,6.100000000000001
1571837603.9029398,53.9,60,6.100000000000001
1571837603.9967806,53.9,60,6.100000000000001
1571837604.090549,53.9,60,6.100000000000001
1571837604.1844027,53.9,60,6.100000000000001
1571837604.2782354,53.9,60,6.100000000000001
1571837604.3719964,53.9,60,6.100000000000001
1571837604.4658585,53.9,60,6.100000000000001
1571837604.5597684,53.9,60,6.100000000000001
1571837604.6534579,53.9,60,6.100000000000001
1571837604.7477148,53.9,60,6.100000000000001
1571837604.8412008,53.9,60,6.100000000000001
1571837604.935001,53.9,60,6.100000000000001
1571837605.038677,53.9,60,6.100000000000001
1571837605.1228714,53.9,60,6.100000000000001
1571837605.2166421,53.9,60,6.100000000000001
1571837605.310877,53.9,60,6.100000000000001
1571837605.4047837,53.9,60,6.100000000000001
1571837605.498207,53.9,60,6.100000000000001
1571837605.5920174,53.9,60,6.100000000000001
1571837605.685851,53.9,60,6.100000000000001
1571837605.7795079,53.9,60,6.100000000000001
1571837605.8733063,53.9,60,6.100000000000001
1571837605.967154,53.9,60,6.100000000000001
1571837606.061262,53.9,60,6.100000000000001
1571837606.1548147,53.9,60,6.100000000000001
1571837606.2487276,53.9,60,6.100000000000001
1571837606.3424377,53.9,60,6.100000000000001
1571837606.4363003,53.9,60,6.100000000000001
1571837606.5301628,53.9,60,6.100000000000001
1571837606.6246479,53.9,60,6.100000000000001
1571837606.7178333,53.9,60,6.100000000000001
1571837606.811704,53.9,60,6.100000000000001
1571837606.9054406,53.9,60,6.100000000000001
1571837606.9992468,53.9,60,6.100000000000001
1571837607.0930538,53.9,60,6.100000000000001
1571837607.1867929,53.8,60,6.200000000000003
1571837607.2805796,53.8,60,6.200000000000003
1571837607.3742566,53.8,60,6.200000000000003
1571837607.4680257,53.8,60,6.200000000000003
1571837607.5618339,53.8,60,6.200000000000003
1571837607.6555748,53.8,60,6.200000000000003
1571837607.7493963,53.8,60,6.200000000000003
1571837607.8432305,53.8,60,6.200000000000003
1571837607.9368832,53.8,60,6.200000000000003
1571837608.0306573,53.7,60,6.299999999999997
1571837608.1244078,53.8,60,6.200000000000003
1571837608.2181015,53.7,60,6.299999999999997
1571837608.3118763,53.7,60,6.299999999999997
1571837608.4067023,53.7,60,6.299999999999997
1571837608.4994104,53.7,60,6.299999999999997
1571837608.5931952,53.6,60,6.399999999999999
1571837608.6870046,53.6,60,6.399999999999999
1571837608.7808266,53.6,60,6.399999999999999
1571837608.8746119,53.6,60,6.399999999999999
1571837608.9684005,53.6,60,6.399999999999999
1571837609.062058,53.5,60,6.5
1571837609.15588,53.5,60,6.5
1571837609.249834,53.5,60,6.5
1571837609.3436298,53.5,60,6.5
1571837609.4376037,53.5,60,6.5
1571837609.5314856,53.5,60,6.5
1571837609.6252308,53.4,60,6.600000000000001
1571837609.719004,53.4,60,6.600000000000001
1571837609.8128197,53.4,60,6.600000000000001
1571837609.906493,53.4,60,6.600000000000001
1571837610.0003154,53.3,60,6.700000000000003
1571837610.0956218,53.3,60,6.700000000000003
1571837610.1878326,53.3,60,6.700000000000003
1571837610.281692,53.3,60,6.700000000000003
1571837610.3755972,53.3,60,6.700000000000003
1571837610.4693742,53.3,60,6.700000000000003
1571837610.5632303,53.2,60,6.799999999999997
1571837610.6570635,53.2,60,6.799999999999997
1571837610.750966,53.2,60,6.799999999999997
1571837610.8448813,53.2,60,6.799999999999997
1571837610.9390097,53.2,60,6.799999999999997
1571837611.032594,53.2,60,6.799999999999997
1571837611.1265223,53.1,60,6.899999999999999
1571837611.2202704,53.1,60,6.899999999999999
1571837611.3142219,53.1,60,6.899999999999999
1571837611.408492,53.1,60,6.899999999999999
1571837611.5019717,53.1,60,6.899999999999999
1571837611.595827,53.1,60,6.899999999999999
1571837611.6896718,53.1,60,6.899999999999999
1571837611.7834482,53.1,60,6.899999999999999
1571837611.8772209,53.1,60,6.899999999999999
1571837611.971068,53.1,60,6.899999999999999
1571837612.0648162,53.0,60,7.0
1571837612.1586537,53.0,60,7.0
1571837612.2525043,53.0,60,7.0
1571837612.34633,53.0,60,7.0
1571837612.4402487,53.0,60,7.0
1571837612.5341625,53.0,60,7.0
1571837612.6279705,53.0,60,7.0
1571837612.721861,53.0,60,7.0
1571837612.815713,53.0,60,7.0
1571837612.909499,53.0,60,7.0
1571837613.0034862,53.0,60,7.0
1571837613.0972404,53.0,60,7.0
1571837613.1912649,53.0,60,7.0
1571837613.284932,53.0,60,7.0
1571837613.3788905,53.0,60,7.0
1571837613.4726887,53.0,60,7.0
1571837613.5665958,53.0,60,7.0
1571837613.6605766,53.0,60,7.0
1571837613.7543426,53.0,60,7.0
1571837613.8482406,53.0,60,7.0
1571837613.9420989,53.0,60,7.0
1571837614.0361297,53.0,60,7.0
1571837614.1300395,53.0,60,7.0
1571837614.2237897,53.0,60,7.0
1571837614.3177986,53.0,60,7.0
1571837614.4167697,53.0,60,7.0
1571837614.5054944,53.0,60,7.0
1571837614.5993977,53.0,60,7.0
1571837614.6932807,53.0,60,7.0
1571837614.787061,53.0,60,7.0
1571837614.8809326,53.0,60,7.0
1571837614.9748821,53.0,60,7.0
1571837615.0689402,53.0,60,7.0
1571837615.1624691,53.0,60,7.0
1571837615.2563915,53.0,60,7.0
1571837615.3501387,53.0,60,7.0
1571837615.4440196,53.0,60,7.0
1571837615.5382016,53.0,60,7.0
1571837615.6316667,53.0,60,7.0
1571837615.7256064,53.0,60,7.0
1571837615.819523,53.0,60,7.0
1571837615.913367,53.0,60,7.0
1571837616.0072658,53.0,60,7.0
1571837616.1011937,53.0,60,7.0
1571837616.194974,53.0,60,7.0
1571837616.289006,53.0,60,7.0
1571837616.3827417,53.0,60,7.0
1571837616.4765425,53.0,60,7.0
1571837616.5703287,53.0,60,7.0
1571837616.664204,53.0,60,7.0
1571837616.7579792,53.0,60,7.0
1571837616.851864,53.0,60,7.0
1571837616.9457529,53.0,60,7.0
1571837617.0394948,53.0,60,7.0
1571837617.1336052,53.0,60,7.0
1571837617.2273471,53.0,60,7.0
1571837617.3213193,53.0,60,7.0
1571837617.4153821,53.0,60,7.0
1571837617.5092158,53.0,60,7.0
1571837617.603182,53.0,60,7.0
1571837617.6971395,53.0,60,7.0
1571837617.7910244,53.0,60,7.0
1571837617.8850121,53.0,60,7.0
1571837617.9789622,53.0,60,7.0
1571837618.072838,53.0,60,7.0
1571837618.1668143,53.0,60,7.0
1571837618.2607574,53.0,60,7.0
1571837618.3545403,53.0,60,7.0
1571837618.4485002,53.0,60,7.0
1571837618.5424469,53.0,60,7.0
1571837618.6362858,53.0,60,7.0
1571837618.7301412,53.0,60,7.0
1571837618.8240986,53.0,60,7.0
1571837618.9179053,53.0,60,7.0
1571837619.0118303,53.0,60,7.0
1571837619.1058629,53.0,60,7.0
1571837619.1997504,53.0,60,7.0
1571837619.2937117,53.0,60,7.0
1571837619.387643,53.0,60,7.0
1571837619.4814625,53.0,60,7.0
1571837619.5754313,53.0,60,7.0
1571837619.6694157,53.0,60,7.0
1571837619.763245,53.0,60,7.0
1571837619.857221,53.0,60,7.0
1571837619.9510968,53.0,60,7.0
1571837620.0449328,53.0,60,7.0
1571837620.138834,53.0,60,7.0
1571837620.2327874,53.0,60,7.0
1571837620.3266518,53.0,60,7.0
1571837620.42058,53.0,60,7.0
1571837620.5143523,53.0,60,7.0
1571837620.608217,53.0,60,7.0
1571837620.702101,53.0,60,7.0
1571837620.795871,53.0,60,7.0
1571837620.8898365,53.0,60,7.0
1571837620.983807,53.0,60,7.0
1571837621.0776286,53.0,60,7.0
1571837621.171498,53.0,60,7.0
1571837621.2654448,53.0,60,7.0
1571837621.3593419,53.0,60,7.0
1571837621.453211,53.0,60,7.0
1571837621.5471542,53.0,60,7.0
1571837621.6408713,53.0,60,7.0
1571837621.734815,53.0,60,7.0
1571837621.8287008,53.0,60,7.0
1571837621.922526,53.0,60,7.0
1571837622.0165362,53.0,60,7.0
1571837622.1103954,53.0,60,7.0
1571837622.2044518,53.0,60,7.0
1571837622.2981253,53.0,60,7.0
1571837622.3919528,53.0,60,7.0
1571837622.4857824,53.0,60,7.0
1571837622.5796635,53.0,60,7.0
1571837622.673918,53.0,60,7.0
1571837622.767398,53.0,60,7.0
1571837622.8613122,53.0,60,7.0
1571837622.9552517,53.0,60,7.0
1571837623.04941,53.0,60,7.0
1571837623.1432955,53.0,60,7.0
1571837623.2371006,53.0,60,7.0
1571837623.3310444,53.0,60,7.0
1571837623.424833,53.0,60,7.0
1571837623.5187457,53.0,60,7.0
1571837623.6137474,53.0,60,7.0
1571837623.7064462,53.0,60,7.0
1571837623.8003182,53.0,60,7.0
1571837623.8944497,53.0,60,7.0
1571837623.9882643,53.0,60,7.0
1571837624.1011539,53.0,60,7.0
1571837624.1867337,53.0,60,7.0
1571837624.2714307,53.0,60,7.0
1571837624.364253,53.0,60,7.0
1571837624.4576726,53.0,60,7.0
1571837624.5736303,53.0,60,7.0
1571837624.678045,53.0,60,7.0
1571837624.7566855,53.0,60,7.0
1571837624.870177,53.0,60,7.0
1571837624.9480832,53.0,60,7.0
1571837625.02066,53.0,60,7.0
1571837625.1153538,53.0,60,7.0
1571837625.2083225,53.0,60,7.0
1571837625.3021946,53.0,60,7.0
1571837625.3962634,53.0,60,7.0
1571837625.489903,53.0,60,7.0
1571837625.5838544,53.0,60,7.0
1571837625.6815515,53.0,60,7.0
1571837625.7714674,53.0,60,7.0
1571837625.8654625,53.0,60,7.0
1571837625.966,53.0,60,7.0
1571837626.053873,53.0,60,7.0
1571837626.147421,53.0,60,7.0
1571837626.2548754,53.0,60,7.0
1571837626.3564672,53.0,60,7.0
1571837626.4588335,53.0,60,7.0
1571837626.5356991,53.0,60,7.0
1571837626.6178162,53.0,60,7.0
1571837626.7100942,53.0,60,7.0
1571837626.803973,53.0,60,7.0
1571837626.8976848,53.0,60,7.0
1571837626.9916883,53.1,60,6.899999999999999
1571837627.0853453,53.0,60,7.0
1571837627.1792462,53.0,60,7.0
1571837627.2732434,53.1,60,6.899999999999999
1571837627.3671103,53.1,60,6.899999999999999
1571837627.4610634,53.1,60,6.899999999999999
1571837627.5549781,53.1,60,6.899999999999999
1571837627.648836,53.1,60,6.899999999999999
1571837627.742817,53.1,60,6.899999999999999
1571837627.8367279,53.1,60,6.899999999999999
1571837627.9305043,53.1,60,6.899999999999999
1571837628.0243802,53.1,60,6.899999999999999
1571837628.1182387,53.1,60,6.899999999999999
1571837628.211979,53.1,60,6.899999999999999
1571837628.3059316,53.1,60,6.899999999999999
1571837628.3997674,53.1,60,6.899999999999999
1571837628.493526,53.1,60,6.899999999999999
1571837628.5874336,53.1,60,6.899999999999999
1571837628.6818788,53.1,60,6.899999999999999
1571837628.7834013,53.1,60,6.899999999999999
1571837628.915031,53.2,60,6.799999999999997
1571837628.9781053,53.2,60,6.799999999999997
1571837629.0566022,53.2,60,6.799999999999997
1571837629.1505284,53.2,60,6.799999999999997
1571837629.2443557,53.2,60,6.799999999999997
1571837629.3380902,53.2,60,6.799999999999997
1571837629.4319274,53.2,60,6.799999999999997
1571837629.525794,53.2,60,6.799999999999997
1571837629.619521,53.2,60,6.799999999999997
1571837629.7133613,53.2,60,6.799999999999997
1571837629.807291,53.3,60,6.700000000000003
1571837629.9011009,53.3,60,6.700000000000003
1571837629.9950542,53.3,60,6.700000000000003
1571837630.0890682,53.3,60,6.700000000000003
1571837630.182869,53.3,60,6.700000000000003
1571837630.2768414,53.3,60,6.700000000000003
1571837630.3707411,53.3,60,6.700000000000003
1571837630.4646401,53.4,60,6.600000000000001
1571837630.5585046,53.4,60,6.600000000000001
1571837630.6522858,53.4,60,6.600000000000001
1571837630.7462327,53.4,60,6.600000000000001
1571837630.8401449,53.4,60,6.600000000000001
1571837630.933976,53.4,60,6.600000000000001
1571837631.0280254,53.4,60,6.600000000000001
1571837631.1218517,53.4,60,6.600000000000001
1571837631.2159495,53.5,60,6.5
1571837631.3096068,53.5,60,6.5
1571837631.4035773,53.5,60,6.5
1571837631.4973893,53.5,60,6.5
1571837631.5913365,53.5,60,6.5
1571837631.6851962,53.5,60,6.5
1571837631.7789853,53.5,60,6.5
1571837631.8729367,53.5,60,6.5
1571837631.966903,53.6,60,6.399999999999999
1571837632.0607662,53.6,60,6.399999999999999
1571837632.1548178,53.6,60,6.399999999999999
1571837632.2487679,53.6,60,6.399999999999999
1571837632.3425922,53.6,60,6.399999999999999
1571837632.4365306,53.6,60,6.399999999999999
1571837632.5304604,53.6,60,6.399999999999999
1571837632.6242628,53.7,60,6.299999999999997
1571837632.7184403,53.7,60,6.299999999999997
1571837632.811948,53.7,60,6.299999999999997
1571837632.9057705,53.7,60,6.299999999999997
1571837632.9996464,53.7,60,6.299999999999997
1571837633.0935526,53.7,60,6.299999999999997
1571837633.1873395,53.7,60,6.299999999999997
1571837633.2812965,53.7,60,6.299999999999997
1571837633.3752048,53.7,60,6.299999999999997
1571837633.469006,53.7,60,6.299999999999997
1571837633.5629115,53.7,60,6.299999999999997
1571837633.6567116,53.8,60,6.200000000000003
1571837633.7507267,53.8,60,6.200000000000003
1571837633.844712,53.8,60,6.200000000000003
1571837633.9384894,53.8,60,6.200000000000003
1571837634.0324547,53.8,60,6.200000000000003
1571837634.126458,53.8,60,6.200000000000003
1571837634.2202985,53.8,60,6.200000000000003
1571837634.3142488,53.8,60,6.200000000000003
1571837634.4083652,53.8,60,6.200000000000003
1571837634.5020094,53.8,60,6.200000000000003
1571837634.5959084,53.9,60,6.100000000000001
1571837634.6898253,53.9,60,6.100000000000001
1571837634.7836766,53.9,60,6.100000000000001
1571837634.8776731,53.9,60,6.100000000000001
1571837634.971671,53.9,60,6.100000000000001
1571837635.0654824,53.9,60,6.100000000000001
1571837635.1600113,53.9,60,6.100000000000001
1571837635.2537086,53.9,60,6.100000000000001
1571837635.3475761,53.9,60,6.100000000000001
1571837635.4411848,53.9,60,6.100000000000001
1571837635.5352442,53.9,60,6.100000000000001
1571837635.6290298,53.9,60,6.100000000000001
1571837635.7230203,53.9,60,6.100000000000001
1571837635.816917,53.9,60,6.100000000000001
1571837635.9106615,53.9,60,6.100000000000001
1571837636.0045362,53.9,60,6.100000000000001
1571837636.098407,53.9,60,6.100000000000001
1571837636.192265,53.9,60,6.100000000000001
1571837636.2862158,53.9,60,6.100000000000001
1571837636.3801768,53.9,60,6.100000000000001
1571837636.4740212,53.9,60,6.100000000000001
1571837636.5680804,53.9,60,6.100000000000001
1571837636.6617785,53.9,60,6.100000000000001
1571837636.755476,53.9,60,6.100000000000001
1571837636.8493528,53.9,60,6.100000000000001
1571837636.9430964,53.9,60,6.100000000000001
1571837637.037343,53.9,60,6.100000000000001
1571837637.1308644,53.9,60,6.100000000000001
1571837637.224639,53.9,60,6.100000000000001
1571837637.3185887,53.9,60,6.100000000000001
1571837637.4124107,53.9,60,6.100000000000001
1571837637.506226,53.9,60,6.100000000000001
1571837637.6001246,53.9,60,6.100000000000001
1571837637.6940322,53.9,60,6.100000000000001
1571837637.7879398,53.9,60,6.100000000000001
1571837637.8816714,53.9,60,6.100000000000001
1571837637.9755921,53.9,60,6.100000000000001
1571837638.069623,53.9,60,6.100000000000001
1571837638.1633382,53.9,60,6.100000000000001
1571837638.2571797,53.9,60,6.100000000000001
1571837638.3509245,53.9,60,6.100000000000001
1571837638.4448187,53.9,60,6.100000000000001
1571837638.538742,53.9,60,6.100000000000001
1571837638.6325638,53.9,60,6.100000000000001
1571837638.7265325,53.9,60,6.100000000000001
1571837638.8204098,53.9,60,6.100000000000001
1571837638.914221,53.9,60,6.100000000000001
1571837639.008128,53.9,60,6.100000000000001
1571837639.1020203,53.9,60,6.100000000000001
1571837639.1958742,53.9,60,6.100000000000001
1571837639.2898314,53.9,60,6.100000000000001
1571837639.3837404,53.9,60,6.100000000000001
1571837639.477526,53.9,60,6.100000000000001
1571837639.5718446,53.9,60,6.100000000000001
1571837639.6654034,53.9,60,6.100000000000001
1571837639.759232,53.9,60,6.100000000000001
1571837639.8530684,53.9,60,6.100000000000001
1571837639.9469628,53.9,60,6.100000000000001
1571837640.0407863,53.9,60,6.100000000000001
1571837640.1347322,53.9,60,6.100000000000001
1571837640.22853,53.9,60,6.100000000000001
1571837640.3224666,53.9,60,6.100000000000001
1571837640.4162664,53.9,60,6.100000000000001
1571837640.5100062,53.9,60,6.100000000000001
1571837640.6038864,53.9,60,6.100000000000001
1571837640.697666,53.9,60,6.100000000000001
1571837640.7914572,53.9,60,6.100000000000001
1571837640.8852277,53.9,60,6.100000000000001
1571837640.979005,53.9,60,6.100000000000001
1571837641.0728147,53.9,60,6.100000000000001
1571837641.166765,53.9,60,6.100000000000001
1571837641.2609076,53.9,60,6.100000000000001
1571837641.3544164,53.9,60,6.100000000000001
1571837641.4483118,53.9,60,6.100000000000001
1571837641.54221,53.9,60,6.100000000000001
1571837641.6360507,53.9,60,6.100000000000001
1571837641.7300084,53.9,60,6.100000000000001
1571837641.8239279,53.9,60,6.100000000000001
1571837641.9177861,53.9,60,6.100000000000001
1571837642.0116885,53.9,60,6.100000000000001
1571837642.1057153,53.9,60,6.100000000000001
1571837642.1994288,53.8,60,6.200000000000003
1571837642.2932765,53.8,60,6.200000000000003
1571837642.3871255,53.8,60,6.200000000000003
1571837642.480894,53.8,60,6.200000000000003
1571837642.5747783,53.8,60,6.200000000000003
1571837642.6685605,53.8,60,6.200000000000003
1571837642.7623801,53.8,60,6.200000000000003
1571837642.8562093,53.7,60,6.299999999999997
1571837642.9500272,53.7,60,6.299999999999997
1571837643.0437438,53.7,60,6.299999999999997
1571837643.13767,53.7,60,6.299999999999997
1571837643.2315779,53.7,60,6.299999999999997
1571837643.3253777,53.6,60,6.399999999999999
1571837643.4194748,53.6,60,6.399999999999999
1571837643.5134947,53.6,60,6.399999999999999
1571837643.607105,53.6,60,6.399999999999999
1571837643.7009356,53.6,60,6.399999999999999
1571837643.7946997,53.6,60,6.399999999999999
1571837643.8885534,53.6,60,6.399999999999999
1571837643.9824426,53.6,60,6.399999999999999
1571837644.076236,53.5,60,6.5
1571837644.1701548,53.5,60,6.5
1571837644.264003,53.5,60,6.5
1571837644.357751,53.5,60,6.5
1571837644.4516182,53.5,60,6.5
1571837644.5455747,53.5,60,6.5
1571837644.6393962,53.5,60,6.5
1571837644.7333362,53.5,60,6.5
1571837644.8273065,53.5,60,6.5
1571837644.9211156,53.5,60,6.5
1571837645.01505,53.5,60,6.5
1571837645.1089895,53.5,60,6.5
1571837645.2028244,53.5,60,6.5
1571837645.2967339,53.5,60,6.5
1571837645.3905644,53.5,60,6.5
1571837645.4842825,53.5,60,6.5
1571837645.5781243,53.5,60,6.5
1571837645.672107,53.5,60,6.5
1571837645.7657464,53.5,60,6.5
1571837645.8596175,53.5,60,6.5
1571837645.953534,53.5,60,6.5
1571837646.0473926,53.5,60,6.5
1571837646.1413586,53.5,60,6.5
1571837646.2352338,53.5,60,6.5
1571837646.3293352,53.5,60,6.5
1571837646.422902,53.5,60,6.5
1571837646.5168343,53.5,60,6.5
1571837646.6106453,53.5,60,6.5
1571837646.704753,53.5,60,6.5
1571837646.7984896,53.5,60,6.5
1571837646.8922226,53.5,60,6.5
1571837646.9861338,53.5,60,6.5
1571837647.0799403,53.5,60,6.5
1571837647.1743464,53.5,60,6.5
1571837647.267751,53.5,60,6.5
1571837647.361506,53.5,60,6.5
1571837647.4553528,53.5,60,6.5
1571837647.5492108,53.5,60,6.5
1571837647.6429174,53.5,60,6.5
1571837647.7368016,53.5,60,6.5
1571837647.830672,53.5,60,6.5
1571837647.9245605,53.5,60,6.5
1571837648.018324,53.5,60,6.5
1571837648.1121795,53.6,60,6.399999999999999
1571837648.2060122,53.6,60,6.399999999999999
1571837648.299743,53.6,60,6.399999999999999
1571837648.3936594,53.6,60,6.399999999999999
1571837648.4873376,53.6,60,6.399999999999999
1571837648.5812237,53.6,60,6.399999999999999
1571837648.675158,53.6,60,6.399999999999999
1571837648.7688916,53.6,60,6.399999999999999
1571837648.8627386,53.6,60,6.399999999999999
1571837648.956519,53.6,60,6.399999999999999
1571837649.0504134,53.6,60,6.399999999999999
1571837649.1442318,53.6,60,6.399999999999999
1571837649.2381566,53.6,60,6.399999999999999
1571837649.331799,53.6,60,6.399999999999999
1571837649.4256637,53.7,60,6.299999999999997
1571837649.519559,53.7,60,6.299999999999997
1571837649.6133394,53.7,60,6.299999999999997
1571837649.70716,53.7,60,6.299999999999997
1571837649.8010259,53.7,60,6.299999999999997
1571837649.8947153,53.7,60,6.299999999999997
1571837649.988506,53.7,60,6.299999999999997
1571837650.0822477,53.7,60,6.299999999999997
1571837650.1778743,53.7,60,6.299999999999997
1571837650.2703214,53.7,60,6.299999999999997
1571837650.3637662,53.7,60,6.299999999999997
1571837650.4577017,53.7,60,6.299999999999997
1571837650.5515716,53.7,60,6.299999999999997
1571837650.6453717,53.7,60,6.299999999999997
1571837650.7392657,53.7,60,6.299999999999997
1571837650.8331878,53.8,60,6.200000000000003
1571837650.926984,53.8,60,6.200000000000003
1571837651.0211904,53.8,60,6.200000000000003
1571837651.1146164,53.8,60,6.200000000000003
1571837651.2083695,53.8,60,6.200000000000003
1571837651.3023887,53.8,60,6.200000000000003
1571837651.3963096,53.8,60,6.200000000000003
1571837651.4901242,53.8,60,6.200000000000003
1571837651.5840576,53.8,60,6.200000000000003
1571837651.6790483,53.8,60,6.200000000000003
1571837651.771682,53.8,60,6.200000000000003
1571837651.8654964,53.8,60,6.200000000000003
1571837651.9593024,53.8,60,6.200000000000003
1571837652.0531394,53.8,60,6.200000000000003
1571837652.146892,53.8,60,6.200000000000003
1571837652.2407084,53.8,60,6.200000000000003
1571837652.334475,53.9,60,6.100000000000001
1571837652.428301,53.9,60,6.100000000000001
1571837652.5222669,53.9,60,6.100000000000001
1571837652.6160161,53.9,60,6.100000000000001
1571837652.7096179,53.9,60,6.100000000000001
1571837652.803435,53.9,60,6.100000000000001
1571837652.8971488,53.9,60,6.100000000000001
1571837652.991007,53.9,60,6.100000000000001
1571837653.0847828,53.9,60,6.100000000000001
1571837653.1784585,53.9,60,6.100000000000001
1571837653.2722218,53.9,60,6.100000000000001
1571837653.366,53.9,60,6.100000000000001
1571837653.4597752,53.9,60,6.100000000000001
1571837653.553599,53.9,60,6.100000000000001
1571837653.6473598,53.9,60,6.100000000000001
1571837653.741191,53.9,60,6.100000000000001
1571837653.8350809,53.9,60,6.100000000000001
1571837653.9288192,53.9,60,6.100000000000001
1571837654.022723,53.9,60,6.100000000000001
1571837654.1166027,53.9,60,6.100000000000001
1571837654.2104,53.9,60,6.100000000000001
1571837654.3042629,53.9,60,6.100000000000001
1571837654.3981361,53.9,60,6.100000000000001
1571837654.4919379,53.9,60,6.100000000000001
1571837654.58581,53.9,60,6.100000000000001
1571837654.6796453,53.9,60,6.100000000000001
1571837654.773442,53.9,60,6.100000000000001
1571837654.8673222,53.9,60,6.100000000000001
1571837654.9611742,53.9,60,6.100000000000001
1571837655.054932,53.9,60,6.100000000000001
1571837655.1487296,53.9,60,6.100000000000001
1571837655.2425826,53.9,60,6.100000000000001
1571837655.3362827,53.9,60,6.100000000000001
1571837655.430132,53.9,60,6.100000000000001
1571837655.5239854,53.9,60,6.100000000000001
1571837655.6177952,53.9,60,6.100000000000001
1571837655.7116675,53.9,60,6.100000000000001
1571837655.8055332,53.9,60,6.100000000000001
1571837655.8992386,53.9,60,6.100000000000001
1571837655.993096,53.9,60,6.100000000000001
1571837656.0869806,53.9,60,6.100000000000001
1571837656.1807463,53.9,60,6.100000000000001
1571837656.2746758,53.9,60,6.100000000000001
1571837656.3685632,53.9,60,6.100000000000001
1571837656.4623551,53.9,60,6.100000000000001
1571837656.5562143,53.9,60,6.100000000000001
1571837656.6499708,53.9,60,6.100000000000001
1571837656.7438664,53.9,60,6.100000000000001
1571837656.8377073,53.9,60,6.100000000000001
1571837656.931435,53.9,60,6.100000000000001
1571837657.0252538,53.9,60,6.100000000000001
1571837657.119066,53.9,60,6.100000000000001
1571837657.212836,53.9,60,6.100000000000001
1571837657.3066716,53.9,60,6.100000000000001
1571837657.4005232,53.9,60,6.100000000000001
1571837657.4942575,53.9,60,6.100000000000001
1571837657.5881593,53.9,60,6.100000000000001
1571837657.6820412,53.9,60,6.100000000000001
1571837657.775908,53.9,60,6.100000000000001
1571837657.869962,53.9,60,6.100000000000001
1571837657.9636815,53.9,60,6.100000000000001
1571837658.0574677,53.9,60,6.100000000000001
1571837658.151348,53.9,60,6.100000000000001
1571837658.245198,53.9,60,6.100000000000001
1571837658.339006,53.9,60,6.100000000000001
1571837658.4328766,53.9,60,6.100000000000001
1571837658.5268042,53.9,60,6.100000000000001
1571837658.6204648,53.9,60,6.100000000000001
1571837658.7143767,53.9,60,6.100000000000001
1571837658.8080895,53.9,60,6.100000000000001
1571837658.9018586,53.9,60,6.100000000000001
1571837658.9957817,53.9,60,6.100000000000001
1571837659.0896466,53.9,60,6.100000000000001
1571837659.183362,53.9,60,6.100000000000001
1571837659.2772741,53.9,60,6.100000000000001
1571837659.3714852,53.9,60,6.100000000000001
1571837659.4650223,53.9,60,6.100000000000001
1571837659.5589283,53.9,60,6.100000000000001
1571837659.6530168,53.9,60,6.100000000000001
1571837659.7466142,53.9,60,6.100000000000001
1571837659.8404543,53.9,60,6.100000000000001
1571837659.9342098,53.9,60,6.100000000000001
1571837660.028122,53.9,60,6.100000000000001
1571837660.1219864,53.9,60,6.100000000000001
1571837660.2160017,53.9,60,6.100000000000001
1571837660.3097556,53.9,60,6.100000000000001
1571837660.4036014,53.9,60,6.100000000000001
1571837660.497289,53.9,60,6.100000000000001
1571837660.5911274,53.9,60,6.100000000000001
1571837660.684972,53.9,60,6.100000000000001
1571837660.7787232,53.9,60,6.100000000000001
1571837660.872562,53.9,60,6.100000000000001
1571837660.9665093,53.9,60,6.100000000000001
1571837661.060309,53.9,60,6.100000000000001
1571837661.1540928,53.9,60,6.100000000000001
1571837661.247891,53.9,60,6.100000000000001
1571837661.3416529,53.9,60,6.100000000000001
1571837661.4354627,53.9,60,6.100000000000001
1571837661.5293415,53.9,60,6.100000000000001
1571837661.623076,53.9,60,6.100000000000001
1571837661.7171123,53.9,60,6.100000000000001
1571837661.81093,53.9,60,6.100000000000001
1571837661.9046676,53.9,60,6.100000000000001
1571837661.9985466,53.9,60,6.100000000000001
1571837662.0923827,53.9,60,6.100000000000001
1571837662.186123,53.9,60,6.100000000000001
1571837662.279963,53.9,60,6.100000000000001
1571837662.3738189,53.9,60,6.100000000000001
1571837662.4676673,53.9,60,6.100000000000001
1571837662.56164,53.9,60,6.100000000000001
1571837662.6554976,53.9,60,6.100000000000001
1571837662.7495809,53.9,60,6.100000000000001
1571837662.8432121,53.9,60,6.100000000000001
1571837662.937058,53.9,60,6.100000000000001
1571837663.0308073,53.9,60,6.100000000000001
1571837663.1246755,53.9,60,6.100000000000001
1571837663.2185354,53.9,60,6.100000000000001
1571837663.3124492,53.9,60,6.100000000000001
1571837663.4064429,53.9,60,6.100000000000001
1571837663.5002322,53.9,60,6.100000000000001
1571837663.594167,53.9,60,6.100000000000001
1571837663.6879995,53.9,60,6.100000000000001
1571837663.7817926,53.9,60,6.100000000000001
1571837663.8759577,53.9,60,6.100000000000001
1571837663.9695892,53.9,60,6.100000000000001
1571837664.0632722,53.9,60,6.100000000000001
1571837664.1570823,53.9,60,6.100000000000001
1571837664.2509441,53.9,60,6.100000000000001
1571837664.3446894,53.9,60,6.100000000000001
1571837664.4386113,53.9,60,6.100000000000001
1571837664.532428,53.9,60,6.100000000000001
1571837664.6262965,53.9,60,6.100000000000001
1571837664.7203221,53.9,60,6.100000000000001
1571837664.8141754,53.9,60,6.100000000000001
1571837664.9081159,53.9,60,6.100000000000001
1571837665.0018475,53.9,60,6.100000000000001
1571837665.095716,53.9,60,6.100000000000001
1571837665.1895592,53.9,60,6.100000000000001
1571837665.2833705,53.9,60,6.100000000000001
1571837665.3771968,53.9,60,6.100000000000001
1571837665.4708726,53.9,60,6.100000000000001
1571837665.5647047,53.9,60,6.100000000000001
1571837665.6585348,53.9,60,6.100000000000001
1571837665.752277,53.9,60,6.100000000000001
1571837665.8460758,53.9,60,6.100000000000001
1571837665.9398813,53.9,60,6.100000000000001
1571837666.0336246,53.9,60,6.100000000000001
1571837666.1275105,53.9,60,6.100000000000001
1571837666.2219431,53.9,60,6.100000000000001
1571837666.3150406,53.9,60,6.100000000000001
1571837666.4089324,53.9,60,6.100000000000001
1571837666.5026855,53.9,60,6.100000000000001
1571837666.5965838,53.9,60,6.100000000000001
1571837666.6904721,53.9,60,6.100000000000001
1571837666.7842224,53.9,60,6.100000000000001
1571837666.8781939,53.9,60,6.100000000000001
1571837666.972137,53.9,60,6.100000000000001
1571837667.066011,53.9,60,6.100000000000001
1571837667.1599226,53.9,60,6.100000000000001
1571837667.2538478,53.9,60,6.100000000000001
1571837667.3476486,53.9,60,6.100000000000001
1571837667.441549,53.9,60,6.100000000000001
1571837667.5354877,53.9,60,6.100000000000001
1571837667.629232,53.9,60,6.100000000000001
1571837667.7244809,53.9,60,6.100000000000001
1571837667.8170593,53.9,60,6.100000000000001
1571837667.9108531,53.9,60,6.100000000000001
1571837668.004714,53.9,60,6.100000000000001
1571837668.1142073,53.9,60,6.100000000000001
1571837668.1924286,53.9,60,6.100000000000001
1571837668.2861993,53.9,60,6.100000000000001
1571837668.380019,53.9,60,6.100000000000001
1571837668.4737685,53.9,60,6.100000000000001
1571837668.5675828,53.9,60,6.100000000000001
1571837668.6614478,53.9,60,6.100000000000001
1571837668.7551632,53.9,60,6.100000000000001
1571837668.8490703,53.9,60,6.100000000000001
1571837668.9430156,53.9,60,6.100000000000001
1571837669.036833,53.9,60,6.100000000000001
1571837669.1307411,53.9,60,6.100000000000001
1571837669.2254326,53.9,60,6.100000000000001
1571837669.3185568,53.9,60,6.100000000000001
1571837669.412477,53.9,60,6.100000000000001
1571837669.5064483,53.9,60,6.100000000000001
1571837669.6002648,53.9,60,6.100000000000001
1571837669.6941833,53.9,60,6.100000000000001
1571837669.787962,53.9,60,6.100000000000001
1571837669.8818672,53.9,60,6.100000000000001
1571837669.9757311,53.9,60,6.100000000000001
1571837670.0694907,53.9,60,6.100000000000001
1571837670.1633825,53.9,60,6.100000000000001
1571837670.2573466,53.9,60,6.100000000000001
1571837670.3511043,53.9,60,6.100000000000001
1571837670.4449968,53.9,60,6.100000000000001
1571837670.5388231,53.9,60,6.100000000000001
1571837670.6326525,53.9,60,6.100000000000001
1571837670.726486,53.9,60,6.100000000000001
1571837670.8203902,53.9,60,6.100000000000001
1571837670.9143376,53.9,60,6.100000000000001
1571837671.0082307,53.9,60,6.100000000000001
1571837671.1021066,53.9,60,6.100000000000001
1571837671.1959527,53.9,60,6.100000000000001
1571837671.2898078,53.9,60,6.100000000000001
1571837671.3836942,53.9,60,6.100000000000001
1571837671.477856,53.9,60,6.100000000000001
1571837671.5713873,53.9,60,6.100000000000001
1571837671.6653123,53.9,60,6.100000000000001
1571837671.759089,53.9,60,6.100000000000001
1571837671.8530307,53.9,60,6.100000000000001
1571837671.9470031,53.9,60,6.100000000000001
1571837672.0417614,53.9,60,6.100000000000001
1571837672.1347938,53.9,60,6.100000000000001
1571837672.2290318,53.9,60,6.100000000000001
1571837672.3225653,53.9,60,6.100000000000001
1571837672.4165003,53.9,60,6.100000000000001
1571837672.510488,53.9,60,6.100000000000001
1571837672.6043475,53.9,60,6.100000000000001
1571837672.6982646,54.0,60,6.0
1571837672.7921457,54.0,60,6.0
1571837672.8859181,54.0,60,6.0
1571837672.9797645,54.0,60,6.0
1571837673.073483,54.0,60,6.0
1571837673.167423,54.0,60,6.0
1571837673.2611659,54.0,60,6.0
1571837673.35494,54.0,60,6.0
1571837673.4488215,54.0,60,6.0
1571837673.5427153,53.9,60,6.100000000000001
1571837673.6365314,54.0,60,6.0
1571837673.7317264,54.0,60,6.0
1571837673.8243778,54.0,60,6.0
1571837673.9182339,54.0,60,6.0
1571837674.0120766,54.0,60,6.0
1571837674.1059666,54.0,60,6.0
1571837674.1997902,54.0,60,6.0
1571837674.2937524,54.0,60,6.0
1571837674.3876843,54.0,60,6.0
1571837674.4815078,54.0,60,6.0
1571837674.5754056,54.0,60,6.0
1571837674.669274,54.0,60,6.0
1571837674.7634563,54.0,60,6.0
1571837674.856968,54.0,60,6.0
1571837674.950902,54.0,60,6.0
1571837675.0446568,54.0,60,6.0
1571837675.1410398,54.0,60,6.0
1571837675.232455,54.0,60,6.0
1571837675.3261824,54.0,60,6.0
1571837675.4200275,54.0,60,6.0
1571837675.5139353,54.0,60,6.0
1571837675.6076622,54.0,60,6.0
1571837675.7015147,54.0,60,6.0
1571837675.79541,54.0,60,6.0
1571837675.8891394,54.0,60,6.0
1571837675.9830635,54.0,60,6.0
1571837676.0768971,54.0,60,6.0
1571837676.1707444,54.0,60,6.0
1571837676.2647157,54.0,60,6.0
1571837676.3585002,54.0,60,6.0
1571837676.4524076,54.0,60,6.0
1571837676.546267,54.0,60,6.0
1571837676.6400266,54.0,60,6.0
1571837676.7347822,54.0,60,6.0
1571837676.8278391,54.0,60,6.0
1571837676.9216657,54.0,60,6.0
1571837677.015563,54.0,60,6.0
1571837677.1093957,54.0,60,6.0
1571837677.203186,54.0,60,6.0
1571837677.29708,54.0,60,6.0
1571837677.3909671,54.0,60,6.0
1571837677.4847887,54.0,60,6.0
1571837677.578665,54.0,60,6.0
1571837677.672558,54.0,60,6.0
1571837677.7665176,54.0,60,6.0
1571837677.8603256,54.0,60,6.0
1571837677.9542432,54.0,60,6.0
1571837678.0490787,54.0,60,6.0
1571837678.1419423,54.0,60,6.0
1571837678.2358804,54.0,60,6.0
1571837678.329518,54.0,60,6.0
1571837678.423629,54.1,60,5.899999999999999
1571837678.5176563,54.1,60,5.899999999999999
1571837678.6110773,54.1,60,5.899999999999999
1571837678.704922,54.1,60,5.899999999999999
1571837678.7987502,54.1,60,5.899999999999999
1571837678.892505,54.1,60,5.899999999999999
1571837678.9864242,54.1,60,5.899999999999999
1571837679.0804608,54.1,60,5.899999999999999
1571837679.1759946,54.1,60,5.899999999999999
1571837679.2680488,54.1,60,5.899999999999999
1571837679.3621044,54.1,60,5.899999999999999
1571837679.4557514,54.1,60,5.899999999999999
1571837679.5499082,54.1,60,5.899999999999999
1571837679.6434648,54.1,60,5.899999999999999
1571837679.7373097,54.2,60,5.799999999999997
1571837679.8432944,54.2,60,5.799999999999997
1571837679.9422152,54.2,60,5.799999999999997
1571837680.038054,54.2,60,5.799999999999997
1571837680.1296544,54.2,60,5.799999999999997
1571837680.2271175,54.2,60,5.799999999999997
1571837680.3287606,54.2,60,5.799999999999997
1571837680.3939674,54.2,60,5.799999999999997
1571837680.4879525,54.2,60,5.799999999999997
1571837680.5817308,54.2,60,5.799999999999997
1571837680.675633,54.2,60,5.799999999999997
1571837680.769389,54.3,60,5.700000000000003
1571837680.863262,54.2,60,5.799999999999997
1571837680.9570742,54.2,60,5.799999999999997
1571837681.0509694,54.3,60,5.700000000000003
1571837681.144825,54.3,60,5.700000000000003
1571837681.2387273,54.3,60,5.700000000000003
1571837681.3325887,54.3,60,5.700000000000003
1571837681.426584,54.3,60,5.700000000000003
1571837681.5209157,54.3,60,5.700000000000003
1571837681.6140232,54.3,60,5.700000000000003
1571837681.7082493,54.3,60,5.700000000000003
1571837681.8021915,54.3,60,5.700000000000003
1571837681.8956602,54.3,60,5.700000000000003
1571837681.992391,54.4,60,5.600000000000001
1571837682.084993,54.4,60,5.600000000000001
1571837682.1772304,54.4,60,5.600000000000001
1571837682.274192,54.4,60,5.600000000000001
1571837682.3650942,54.4,60,5.600000000000001
1571837682.4589155,54.4,60,5.600000000000001
1571837682.5527046,54.4,60,5.600000000000001
1571837682.646604,54.4,60,5.600000000000001
1571837682.7403908,54.5,60,5.5
1571837682.834243,54.5,60,5.5
1571837682.9280121,54.5,60,5.5
1571837683.0218937,54.5,60,5.5
1571837683.1157904,54.5,60,5.5
1571837683.2095037,54.5,60,5.5
1571837683.3033745,54.5,60,5.5
1571837683.3972223,54.5,60,5.5
1571837683.4909637,54.5,60,5.5
1571837683.584864,54.5,60,5.5
1571837683.6786542,54.5,60,5.5
1571837683.7724526,54.5,60,5.5
1571837683.8664198,54.5,60,5.5
1571837683.9602933,54.5,60,5.5
1571837684.0541778,54.5,60,5.5
1571837684.1480858,54.5,60,5.5
1571837684.2420328,54.5,60,5.5
1571837684.3358722,54.5,60,5.5
1571837684.4298782,54.5,60,5.5
1571837684.52383,54.5,60,5.5
1571837684.6177015,54.5,60,5.5
1571837684.711584,54.5,60,5.5
1571837684.805897,54.5,60,5.5
1571837684.8993347,54.5,60,5.5
1571837684.993166,54.5,60,5.5
1571837685.0870528,54.5,60,5.5
1571837685.1808448,54.5,60,5.5
1571837685.2747796,54.5,60,5.5
1571837685.3685825,54.5,60,5.5
1571837685.4623506,54.5,60,5.5
1571837685.5561728,54.5,60,5.5
1571837685.650017,54.5,60,5.5
1571837685.7441256,54.5,60,5.5
1571837685.8378353,54.5,60,5.5
1571837685.9318142,54.5,60,5.5
1571837686.0255797,54.5,60,5.5
1571837686.119616,54.5,60,5.5
1571837686.2133474,54.4,60,5.600000000000001
1571837686.307189,54.5,60,5.5
1571837686.401061,54.5,60,5.5
1571837686.494809,54.5,60,5.5
1571837686.5887618,54.5,60,5.5
1571837686.682746,54.4,60,5.600000000000001
1571837686.776516,54.4,60,5.600000000000001
1571837686.870418,54.4,60,5.600000000000001
1571837686.9642804,54.4,60,5.600000000000001
1571837687.0580926,54.4,60,5.600000000000001
1571837687.1519475,54.4,60,5.600000000000001
1571837687.2458289,54.4,60,5.600000000000001
1571837687.3395753,54.4,60,5.600000000000001
1571837687.43343,54.4,60,5.600000000000001
1571837687.5272906,54.4,60,5.600000000000001
1571837687.6210704,54.4,60,5.600000000000001
1571837687.714995,54.4,60,5.600000000000001
1571837687.8088386,54.4,60,5.600000000000001
1571837687.9027162,54.4,60,5.600000000000001
1571837687.9965303,54.4,60,5.600000000000001
1571837688.090353,54.4,60,5.600000000000001
1571837688.18443,54.4,60,5.600000000000001
1571837688.2785885,54.4,60,5.600000000000001
1571837688.3719332,54.4,60,5.600000000000001
1571837688.4655488,54.3,60,5.700000000000003
1571837688.559475,54.3,60,5.700000000000003
1571837688.6534054,54.3,60,5.700000000000003
1571837688.7472072,54.3,60,5.700000000000003
1571837688.841149,54.3,60,5.700000000000003
1571837688.9352431,54.3,60,5.700000000000003
1571837689.0293677,54.3,60,5.700000000000003
1571837689.1229358,54.3,60,5.700000000000003
1571837689.2168348,54.2,60,5.799999999999997
1571837689.310656,54.3,60,5.700000000000003
1571837689.4045682,54.2,60,5.799999999999997
1571837689.4984088,54.2,60,5.799999999999997
1571837689.5921931,54.2,60,5.799999999999997
1571837689.6860616,54.2,60,5.799999999999997
1571837689.7797859,54.2,60,5.799999999999997
1571837689.8736002,54.2,60,5.799999999999997
1571837689.9674418,54.2,60,5.799999999999997
1571837690.0612876,54.2,60,5.799999999999997
1571837690.1553333,54.2,60,5.799999999999997
1571837690.2489126,54.2,60,5.799999999999997
1571837690.342636,54.2,60,5.799999999999997
1571837690.4364724,54.2,60,5.799999999999997
1571837690.53033,54.2,60,5.799999999999997
1571837690.6244128,54.2,60,5.799999999999997
1571837690.7179015,54.2,60,5.799999999999997
1571837690.811795,54.2,60,5.799999999999997
1571837690.9055703,54.1,60,5.899999999999999
1571837690.9993558,54.2,60,5.799999999999997
1571837691.0931542,54.1,60,5.899999999999999
1571837691.186942,54.1,60,5.899999999999999
1571837691.282397,54.1,60,5.899999999999999
1571837691.374754,54.1,60,5.899999999999999
1571837691.4687986,54.1,60,5.899999999999999
1571837691.5623236,54.1,60,5.899999999999999
1571837691.6562128,54.1,60,5.899999999999999
1571837691.7502465,54.1,60,5.899999999999999
1571837691.8438666,54.1,60,5.899999999999999
1571837691.9377925,54.1,60,5.899999999999999
1571837692.0315657,54.1,60,5.899999999999999
1571837692.1253977,54.1,60,5.899999999999999
1571837692.2196538,54.1,60,5.899999999999999
1571837692.313069,54.1,60,5.899999999999999
1571837692.407566,54.1,60,5.899999999999999
1571837692.5008147,54.1,60,5.899999999999999
1571837692.5946825,54.1,60,5.899999999999999
1571837692.6886382,54.1,60,5.899999999999999
1571837692.7825391,54.1,60,5.899999999999999
1571837692.8764184,54.0,60,6.0
1571837692.9703188,54.0,60,6.0
1571837693.0641167,54.0,60,6.0
1571837693.157798,54.0,60,6.0
1571837693.2517133,54.0,60,6.0
1571837693.3455,54.0,60,6.0
1571837693.4393723,54.0,60,6.0
1571837693.5333314,54.0,60,6.0
1571837693.6271045,54.0,60,6.0
1571837693.7210069,54.0,60,6.0
1571837693.81496,54.0,60,6.0
1571837693.908755,54.0,60,6.0
1571837694.002685,54.0,60,6.0
1571837694.0966265,54.0,60,6.0
1571837694.190452,54.0,60,6.0
1571837694.2844412,54.0,60,6.0
1571837694.3782945,54.0,60,6.0
1571837694.4720635,54.0,60,6.0
1571837694.5659611,54.0,60,6.0
1571837694.6600835,54.0,60,6.0
1571837694.7536128,54.0,60,6.0
1571837694.8475685,54.0,60,6.0
1571837694.9414191,54.0,60,6.0
1571837695.0352368,54.0,60,6.0
1571837719.3528683,54.0,60,6.0
1571837719.4220736,54.0,60,6.0
1571837719.472801,54.0,60,6.0
1571837719.5234392,54.0,60,6.0
1571837719.5830092,54.0,60,6.0
1571837719.63689,54.0,60,6.0
1571837719.6871712,54.0,60,6.0
1571837719.740565,54.0,60,6.0
1571837719.7910166,54.0,60,6.0
1571837719.8455133,54.0,60,6.0
1571837719.9210403,54.0,60,6.0
1571837719.9953542,54.0,60,6.0
1571837720.0732143,54.0,60,6.0
1571837720.1519334,54.0,60,6.0
1571837720.2300382,54.0,60,6.0
1571837720.313811,54.0,60,6.0
1571837720.437711,54.0,60,6.0
